/*
SQLyog Ultimate v11.11 (64 bit)
MySQL - 5.6.12-log : Database - pecker
*********************************************************************
*/

/*!40101 SET NAMES utf8 */;

/*!40101 SET SQL_MODE=''*/;

/*!40014 SET @OLD_UNIQUE_CHECKS=@@UNIQUE_CHECKS, UNIQUE_CHECKS=0 */;
/*!40014 SET @OLD_FOREIGN_KEY_CHECKS=@@FOREIGN_KEY_CHECKS, FOREIGN_KEY_CHECKS=0 */;
/*!40101 SET @OLD_SQL_MODE=@@SQL_MODE, SQL_MODE='NO_AUTO_VALUE_ON_ZERO' */;
/*!40111 SET @OLD_SQL_NOTES=@@SQL_NOTES, SQL_NOTES=0 */;
CREATE DATABASE /*!32312 IF NOT EXISTS*/`pecker` /*!40100 DEFAULT CHARACTER SET utf8 */;

USE `pecker`;

/*Table structure for table `project` */

DROP TABLE IF EXISTS `project`;

CREATE TABLE `project` (
  `pid` int(11) NOT NULL AUTO_INCREMENT,
  `project_name` varchar(100) DEFAULT NULL,
  `project_desc` varchar(200) DEFAULT NULL COMMENT '项目描述',
  `add_time` int(11) DEFAULT NULL COMMENT '添加时间',
  `is_del` tinyint(4) DEFAULT '0' COMMENT '是否已删除。0否；1是',
  PRIMARY KEY (`pid`)
) ENGINE=InnoDB AUTO_INCREMENT=23 DEFAULT CHARSET=utf8;

/*Data for the table `project` */

insert  into `project`(`pid`,`project_name`,`project_desc`,`add_time`,`is_del`) values (1,'Discuz!','Crossday Discuz! Board（简称 Discuz!）是北京康盛新创科技有限责任公司推出的一套通用的社区论坛软件系统。',1379301310,0),(2,'dedecms','织梦内容管理系统(DedeCms) 以简单、实用、开源而闻名，是国内最知名的PHP开源网站管理系统，也是使用用户最多的PHP类CMS系统',1379301310,0),(3,'None','未知',1379301310,0),(4,'phpspy','PHPSPY是一个便捷管理服务器小软件，但多被用为木马后门',1379301310,0),(5,'ESPCMS','易思企业建站系统',1379990703,0),(6,'Joomla','Joomla是一个国外开源的CMS内容管理系统',1379990703,0),(7,'HDWiki','HDWiki开源的百科建站程序',1379990703,0),(8,'KingCMS','KingCMS 又一个开源的CMS内容发布系统',1379990703,0),(9,'PHPCMS','phpcms 又一个开源的CMS内容发布系统',1379990703,0),(10,'PhpMyadmin','PhpMyadmin是一个php语言编写的，管理mysql server的B/S工具',1379990703,0),(11,'PHPWind','PHPWind（简称：PW）是一个基于PHP和MySQL的论坛程序，也是较常用的论坛程序之一',1379990703,0),(12,'WeCenter','WeCenter原名Anwsion，是是一款知识型的社交化开源社区程序,专注于企业和行业社区内容的整理、归类、检索和再发行。 ',1379990703,0),(13,'Wordpress','Wordpress是一款世界上最流行的博客系统。',1379990703,0),(14,'cakephp','cakephp是世界上非常流行的一款PHP语言开发的框架',1380089183,0),(15,'CodeIgniter','CodeIgniter 是一个简单快速的PHP MVC 框架',1380089183,0),(16,'ECShop','ECShop是一款B2C独立网店系统，适合企业及个人快速构建个性化网上商店。系统是基于PHP语言及MYSQL数据库构架开发的跨平台开源程序。',1380089183,0),(17,'phpBB','phpBB是一个论坛软件，使用PHP语言开发的并开放其原始码。是模块化设计，具专业性、安全性高、支持多国语系、支持多种数据库和自定义的版面设计等优越性能，而且功能强大。',1380089183,0),(18,'ThinkPHP','ThinkPHP是一个开源的PHP框架，是为了简化企业级应用开发和敏捷WEB应用开发而诞生的。',1380089183,0),(19,'YiiFramework','Yii是一个基于组件、用于开发大型 Web 应用的 高性能 PHP 框架。Yii 几乎拥有了 所有的特性 ，包括 MVC、DAO/ActiveRecord、I18N/L10N、caching、基于 JQuery 的 AJAX 支持、用户认证和基于角色的访问控制、脚手架、输入验证、部件、事件、主题化以及 Web 服务等等。',1380089183,0),(20,'ZendFramework','ZendFramework(ZF)是Zend公司推出的一套PHP开发框架。是用PHP5来开发web程序和服务的开源框架。ZF用100%面向对象编码实现。',1380089183,0),(21,'Spider PHP Shell','Spider PHP Shell一款非常流行的PHP后门软件(我也不知道作者是谁)',1380191305,0),(22,'WebShell','其他比较流行的php 后门系统',1380259664,0);

/*Table structure for table `tokens` */

DROP TABLE IF EXISTS `tokens`;

CREATE TABLE `tokens` (
  `tid` char(32) NOT NULL COMMENT 'token ID,md5之后的',
  `token_info` text NOT NULL COMMENT '恶意代码的全部内容',
  `token_function` varchar(50) NOT NULL COMMENT '恶意函数，来自token_info的函数',
  `add_time` int(11) DEFAULT NULL COMMENT '添加时间',
  `update_time` int(11) DEFAULT NULL COMMENT '最后更新时间',
  `is_del` tinyint(4) DEFAULT '0' COMMENT '是否已删除',
  PRIMARY KEY (`tid`)
) ENGINE=InnoDB DEFAULT CHARSET=utf8;

/*Data for the table `tokens` */

insert  into `tokens`(`tid`,`token_info`,`token_function`,`add_time`,`update_time`,`is_del`) values ('0001dab68ddba77cdc33fb037107fd60','assert(is_array($values))','assert',1380279509,1380279509,0),('00258ce2d4c06636930e94707adf5add','$fun($this->autoCharset($file[\'savepath\'].$file[\'savename\'],\'utf-8\',\'gbk\'))','$fun',1380093737,1380093737,0),('004bb5402af11c4ecd67f0bb313b2c99','$strlen($line,\'UTF-8\')','$strlen',1380094137,1380094137,0),('006ae6facd6c154be31c22bcad4d3664','$callback()','$callback',1380094592,1380094592,0),('00f444482a97624d9d2078401f98450c','$url_func($row[\'module_mode\'],$row)','$url_func',1380093606,1380093606,0),('01171ba9ca9edbb05504c652c7400913','create_function(\'$a, $b\',\'if($a[\"add_time\"] == $b[\"add_time\"]){return 0;};return $a[\"add_time\"] < $b[\"add_time\"] ? 1 : -1;\')','create_function',1380093115,1380093115,0),('011e09871a70cb0f04f96d0eec404fd1','eval(\'$is_auth = (int) (\'.preg_replace(array(\'#acl_([a-z0-9_]+)(,\\$id)?#\',\'#\\$id#\',\'#aclf_([a-z0-9_]+)#\',\'#cfg_([a-z0-9_]+)#\',\'#request_([a-zA-Z0-9_]+)#\'),array(\'(int) $auth->acl_get(\\\'\\\\1\\\'\\\\2)\',\'(int) $forum_id\',\'(int) $auth->acl_getf_global(\\\'\\\\1\\\')\',\'(int) $config[\\\'\\\\1\\\']\',\'!empty($_REQUEST[\\\'\\\\1\\\'])\'),$module_auth).\');\')','eval',1380093606,1380093606,0),('018142dcae369c89cf4dbbf1aee8d0ca','call_user_func(\'iso_8859_\'.$array[1],$string)','call_user_func',1380093606,1380093606,0),('019e6ac5609bf4a27b9fa27cd629fd0b','call_user_func_array($plugin,$params)','call_user_func_array',1380094592,1380094592,0),('01c9915eeb51754a8af2713a1f72bf70','assert($k>0)','assert',1380094137,1380094137,0),('01fa54f723fae83e3202c8dc0baed89d','exec(\"$pid\",$output)','exec',1380094137,1380094137,0),('020ee06b101ea37ced3de07accea6059','call_user_func_array(array($this->resource,\'bind_param\'),$args)','call_user_func_array',1380094592,1380094592,0),('0253ba83499111360325672301f07df7','eval(\'$_file = \'.$_attr[\'file\'].\';\')','eval',1380093737,1380093737,0),('02973b192b995bcdf9d6e9593ef0f2ab','assert(is_numeric($val))','assert',1380279509,1380279509,0),('02b810994a3faa37d965550469b040a9','$conn(\'host=\'.$config[\'hostname\'].\' port=\'.$config[\'hostport\'].\' dbname=\'.$config[\'database\'].\' user=\'.$config[\'username\'].\'  password=\'.$config[\'password\'])','$conn',1380093737,1380093737,0),('02ec6c64aae481c87bc3ed1e59ff7766','exec($_POST[\'command\'])','exec',1380095015,1380095015,0),('0321663f7210cd7a53ab00ee132588d9','create_function(\'$matches\',\'global $spacew;\n												$matches[1] = str_replace(\"#!#OP#!#\", \"(\", $matches[1]);\n												$matches[1] = str_replace(\"#!#CP#!#\", \")\", $matches[1]);\n												return \"[(\".str_replace(chr(0).chr(32), \") \".sprintf(\"%F\", $spacew).\" (\", $matches[1]).\")]\";\')','create_function',1380006848,1380006848,0),('037d2d6ad12ae55f352a3775accfb20b','assert(is_numeric($min))','assert',1380279509,1380279509,0),('037f7bd5fcae1467b38fe16389946ba0','call_user_func_array(array($object,$method),array($check,$args))','call_user_func_array',1380090449,1380090449,0),('03a552462b46c77b4414d960c46f94f4','create_function(\'$a, $b\',\'return strnatcasecmp($a[0], $b[0]);\')','create_function',1380008064,1380008064,0),('03c2dd161a60e7dc0c48ee4ed6b846ee','$_function($_template,$_params)','$_function',1380093737,1380093737,0),('03c93edea80ea576c5613a42334e0d64','$method($this->new_config)','$method',1380093606,1380093606,0),('03cdfb72b4cc19b9fb9a2305cee644c2','curl_exec($sess)','curl_exec',1380006848,1380006848,0),('0404b55d61677a3e2fa2906cca561016','$func($tag,$admintype)','$func',1380279509,1380279509,0),('058a86aa956e0d4ced757b6a46d04777','$function($compiled_text,$this)','$function',1380093737,1380093737,0),('0591b45e344175a9b1420ba833d053ef','$MACRO_HAS_CONTEXT($CONTEXT_CONTENT)','$MACRO_HAS_CONTEXT',1380094592,1380094592,0),('05c2df4214e9fb874d8b70d67c21d4d0','move_uploaded_file($_FILES[\'uploadedfile\'][\'tmp_name\'],$target_path)','move_uploaded_file',1380261719,1380261719,0),('062e00035b9f0fd62c9b35003392f7db','$filter($property)','$filter',1380094592,1380094592,0),('063d6df4b3c843d759ebc17db018e4ca','call_user_func($template->smarty->registered_filters[$type][$key],$output,$template)','call_user_func',1380093737,1380093737,0),('069fa0c86a4cb268c77b60fd91076b20','move_uploaded_file($file_name,$target_name)','move_uploaded_file',1380093115,1380093115,0),('06d4971e407037ae90f70ec0ce29b6fa','call_user_func_array($function,$arguments)','call_user_func_array',1380093737,1380093737,0),('06e4e4d3e4678861387b93064471a372','move_uploaded_file($GLOBALS[$upname],$cfg_basedir.$filename)','move_uploaded_file',1380279509,1380279509,0),('07a0577661a13921ea8c4c5aeb0bdff4','$conn($config[\'database\'],$config[\'mode\'])','$conn',1380093737,1380093737,0),('0836004b31e6ccd56b8a7ddba427e3a0','$imagefunc($thumb_photo,$targetfile,$thumbquality)','$imagefunc',1379401960,1379401960,0),('0837203b51286185c0ddf587b44727c8','call_user_func($this->methods[$methName][\'function\'],$m)','call_user_func',1380092517,1380092517,0),('083a5ce38712d89f9ce368893b805def','call_user_func_array($val[1],$args)','call_user_func_array',1380093737,1380093737,0),('084e72626b796cdce955a57f0cc3a21f','assert(is_string($index))','assert',1380279509,1380279509,0),('08a15075e163dcd16a852dd467fbac63','call_user_func_array(array($this,\'_testAction\'),$arguments)','call_user_func_array',1380090449,1380090449,0),('08cae03a12455f9f213759a2dc32666a','call_user_func_array(array($this,$scope),(array)$params)','call_user_func_array',1380094137,1380094137,0),('09280ab3edae1ddfa5fc2c7a088b969a','call_user_func($initializer,$instance,$this)','call_user_func',1380094592,1380094592,0),('096dbc8282641e310b17d3fd362d6e06','popen(\"$command\",\"r\")','popen',1380261719,1380261719,0),('0999fec3a957120fd602ae8bf72e34f4','$function($tagoptions,substr($text,$localbegin,$tagend-$localbegin),$tagname,$extraargs)','$function',1379401960,1379401960,0),('0a0b1edd26fa57c08c1bb1ac47112b07','$escaper($key)','$escaper',1380094592,1380094592,0),('0a29902d1a29503b00ae9f6e9034bb11','eval(\"new PMA_\".$path.\"_Relation_Schema();\")','eval',1380006848,1380006848,0),('0a7dc7d5c58bdf1a0293fb22dfea71e5','call_user_func_array(\'sprintf\',array_merge(array($template),$params))','call_user_func_array',1380094137,1380094137,0),('0ad07846dcb8404cac297ee72049db78','call_user_func(array($plugin_name,\'execute\'),$output,$template)','call_user_func',1380093737,1380093737,0),('0b422d917f1e6fbf1f88f0163ca1684f','assert($mode==SPH_SORT_RELEVANCE||strlen($sortby)>0)','assert',1380279509,1380279509,0),('0b52092e8f10c5a4f2712120b044580b','move_uploaded_file($tmpFile,$imgfile)','move_uploaded_file',1380279509,1380279509,0),('0b6d35856b67ae737a6738f2366e0f47','$plugin($new_args,$this->smarty)','$plugin',1380093737,1380093737,0),('0b7f8a572fa94eabeacbfca2b6d51aed','call_user_func_array(array($class,$method),$params)','call_user_func_array',1380094592,1380094592,0),('0b86380828df20d2d4c157c222fa09b5','$labelHelper($element)','$labelHelper',1380094592,1380094592,0),('0bc91a589e014baf43a3e464b2ab199d','create_function(\'$matches\',\'global $spacew;\n												$newx = sprintf(\"%F\",(floatval($matches[1]) + $spacew));\n												return \"\".$newx.\" \".$matches[2].\" x*#!#*x\".$matches[3].$matches[4];\')','create_function',1380006848,1380006848,0),('0bf8d0900153b33d2779a87322b8b9db','move_uploaded_file($upfile,$templetdird.\'/\'.$upfile_name)','move_uploaded_file',1380279509,1380279509,0),('0c268a96d7ef53fc0e0c5780001e1a33','assert(\'$j > 0\')','assert',1380094137,1380094137,0),('0ca5c07c447ade8ebe669597295aa8cb','exec($this->curl_path.\"$headerfile\".$cmdline_params.\" \\\"\".escapeshellcmd($URI).\"\\\"\",$results,$return)','exec',1380008064,1380008064,0),('0cd8bd0193e6ddbc7dee33113a4948b1','$MACRO_TOKEN_SET_TYPE(\'ANNOTATION_IGNORE\')','$MACRO_TOKEN_SET_TYPE',1380094592,1380094592,0),('0d2bfacc162122a41dc38c8fcea2c83a','$fzwrite($this->fp,str_repeat(\"\\0\",1024))','$fzwrite',1380093606,1380093606,0),('0daefe6d8095017805818d4fdac60ebf','$function($this)','$function',1380094592,1380094592,0),('0dc7ff2f76e3451c211ac1ba05141598','eval(\'$I=\"\'.addcslashes($lang[$T][$I],\'\"\').\'\";\')','eval',1380007102,1380007102,0),('0de7fa4c7974e73a1ec5ada8eef93faa','$MACRO_TOKEN_SET_TYPE(\'DOCBLOCK_ASTERISK\')','$MACRO_TOKEN_SET_TYPE',1380094592,1380094592,0),('0e05b0df350cbdb8a7b322e810517a2f','popen($_POST[\'command\'],\'r\')','popen',1380095015,1380095015,0),('0e557c131018b519bf7839dde2d02477','call_user_func_array(array(&$engineHelper,$method),$params)','call_user_func_array',1380090449,1380090449,0),('0e56c8fd523311cd56b5bb3d68e3a0cb','move_uploaded_file($file[\'tmp_name\'],$this->autoCharset($filename,\'utf-8\',\'gbk\'))','move_uploaded_file',1380093737,1380093737,0),('0e5cc800053a3a6e4122e9d70e7db58d','$escape($val)','$escape',1380006848,1380006848,0),('0e92fb48df2520c7e877397eb2e927cb','eval(\'?\'.\'>\'.trim(file_get_contents($this->getSource())))','eval',1380006848,1380006848,0),('0ea2a15285fa62d30694d98a9b804136','$hash($keyBytes.$this->session_id.$iv)','$hash',1380007488,1380007488,0),('0f0320afae1da16dede497425d769aa2','call_user_func(array($client,\'SoapClient::__doRequest\'),$request,$location,$action,$version,$oneWay)','call_user_func',1380094592,1380094592,0),('0f10bffe8a82f43ea1ded1d128b61869','call_user_func($fun,$result[$field])','call_user_func',1380093737,1380093737,0),('0f1a3f72fe9a4bf5f0d87def31e3bf46','$escapeHtmlHelper($label)','$escapeHtmlHelper',1380094592,1380094592,0),('0f1e6c307638035023c7fa077150de1f','eval(\"$id$operator$addcredits\")','eval',1379401960,1379401960,0),('0f5d130e0c2a9227c3a278de846e0233','move_uploaded_file($attach[\'tmp_name\'],$target)','move_uploaded_file',1379994770,1379994770,0),('0f7c6a9a612c74d39e786ce5b6c64c5c','call_user_func_array(array($this->object,$name),$arguments)','call_user_func_array',1380094137,1380094137,0),('0fc347c98c4105b2d19619336bc964ab','shell_exec($cfe)','shell_exec',1380261719,1380261719,0),('0fd0cfccea02ca7dac3523d3b7f4886d','$read($fp,$buffer)','$read',1380093606,1380093606,0),('0fdc427f0aa1e15c222fc5c1652351be','$callback($arg1,$arg2,$arg3)','$callback',1380094592,1380094592,0),('0fecc37dcbe3ec1c7e730e6a0d9619a0','$strlen($matches[1],\'UTF-8\')','$strlen',1380094137,1380094137,0),('0ffbea68a41348e3538db35496015775','$MACRO_TOKEN_SET_TYPE(\'ANNOTATION_NEWLINE\')','$MACRO_TOKEN_SET_TYPE',1380094592,1380094592,0),('10024767854aabb427b3576d2b545629','eval(\"$creditsadd1\")','eval',1379401960,1379401960,0),('1016eb9b937da79a221d27b19e1c697b','call_user_func(array($name,\'garbage_collect\'),0)','call_user_func',1380093606,1380093606,0),('106646762ea13dc28b425edf867492f5','passthru($_POST[\'cmmd\'])','passthru',1380261719,1380261719,0),('112309599f3f8990df5c4ec70fe376f8','call_user_func($filter,$valueFiltered)','call_user_func',1380094592,1380094592,0),('1213c313013a5a070705857cf45076f8','eval(\"\\$email_subject = \\\"\".$language[$email_subject].\"\\\";\")','eval',1379401960,1379401960,0),('127b73b925328fb42ea7cff895beda4e','eval(\"\\$lang[members_search_result] = \\\"\".$lang[\'members_search_result\'].\"\\\";\")','eval',1379401960,1379401960,0),('12894814b847b706831003f013c54f72','assert($func==SPH_GROUPBY_DAY||$func==SPH_GROUPBY_WEEK||$func==SPH_GROUPBY_MONTH||$func==SPH_GROUPBY_YEAR||$func==SPH_GROUPBY_ATTR||$func==SPH_GROUPBY_ATTRPAIR)','assert',1380279509,1380279509,0),('128d9d58746542c40b809c1aa1cf188c','assert(count($entry)==count($attrs))','assert',1380279509,1380279509,0),('12d06d3c9d582c11e937285d61468d7f','call_user_func(\'API_\'.$post[\'Action\'],$post)','call_user_func',1380093115,1380093115,0),('12da7480adf8189d480402d330b41a0b','eval(\"$sortfunc\")','eval',1379401960,1379401960,0),('13c4d9074846f1b2bba940e453736d29','call_user_func_array($listener[\'callable\'],$event->data)','call_user_func_array',1380090449,1380090449,0),('13dace450f6b8ae2ecdba81ffc7ae7ac','assert(is_int($offset))','assert',1380279509,1380279509,0),('141b19c505e3d92c5b6847fea76a77ca','call_user_func_array(array($this->_loaded[$method[0]],$method[1]),array_merge(array(&$model),$params))','call_user_func_array',1380090449,1380090449,0),('144894aa255926574c47811b0da46c4c','$article_grouping_direction($grouped)','$article_grouping_direction',1379995080,1379995080,0),('145effa6c50dc07f53dae6816f85393c','move_uploaded_file($_FILES[\'bankfile\'][\'tmp_name\'],ROOT.$king->config(\'uppath\').\"$oid\")','move_uploaded_file',1380005575,1380005575,0),('149fc4bfbf669d34926fecce674a1f6b','eval(\'?>\'.$content)','eval',1380093737,1380093737,0),('16628a4c9c376674e6fc2413806aa501','eval(\'$tips = \"\'.str_replace(\'\"\',\'\\\\\"\',$lang[$tips]).\'\";\')','eval',1379401960,1379401960,0),('16dc6530e66769216506f9500b93f9a0','call_user_func($tpl[\'callback\'],$data,compact(\'links\',\'info\'))','call_user_func',1380090449,1380090449,0),('178d41e0ac4ee29aac8f0a75dfb659ad','eval(\"return new PMA_SysInfo\".$php_os.\"();\")','eval',1380006848,1380006848,0),('1791c5f022df9dee2c1792c187d5deb4','$imagefunc($tempimg,$tempurl)','$imagefunc',1379994770,1379994770,0),('17e3a1693f13f03448c33c3eae1ad3c0','$upload_error_handler($file,$uploads[\'error\'])','$upload_error_handler',1380008064,1380008064,0),('182a48839676e3c28e56802316f02b71','call_user_func_array(array(&$this,\'topN\'),$args)','call_user_func_array',1380093737,1380093737,0),('188913808acb43466c43d1a1c5234ac7','$fun($source)','$fun',1380093737,1380093737,0),('19a7f206d0df51e9ecb17a1da3c62a09','$fun($para)','$fun',1380093115,1380093115,0),('1a16bef18c4e69126888ae4672b2d004','assert(is_array($docs))','assert',1380279509,1380279509,0),('1ad468eb63d402f04081b94e12670c49','eval(gzinflate(base64_decode(\'3X1rcyPJceBnKkL/oQcLbQO7IF4kZ4bEkDMcksPhLIfkECTnRQbUABpAD4FubHeDjx3Nj/HZEfad78JarV621tJZu7rVrh+7Z8nS3UXY4XPIvtP5/MG6h/wIXVxm1qOruht8zK7si9sHAVRlZmW9srKysrJu2b7v+Q3fHnp+6Ljd3LV87fOfuxXYQeB4biMILT/M8aSwEToDu9F3Bk6YK8vEgdV1Wo03R15oBw1/5CIQy3Y6OSMI/aEX0Gfo9b1j288Z2UZ9ZXtvZfupeXdnZ6uxC78ai6srGzvmgZEvGGbTC00jb1yZnzc6Vj+w4fvzz39uomdbbUAnpFKlWDamy9PGhhcad7yR2zaxxAn7xAnh88XnP+c1Fe6zA+TKmDfsk2Hfa9s50zALxsBp+R6xmycggueADONp5cB4XXwvHwBQ2+44LuDXFxvbm5s7QAVqhu3Xt1qQvL8PKWYJ/rQd37','eval',1379832876,1379832876,0),('1cfee59c7541530e6ce641a6c8e73cc9','$func_output($dst_img,$this->new_image,$this->quality)','$func_output',1380007842,1380007842,0),('1dc7d07dd278a1c76e18b47b389c1cdc','call_user_func_array($action[1],$action[2])','call_user_func_array',1380094137,1380094137,0),('1e0c32e39d0aa79eddcba1b3f404ddaa','eval(preg_replace(\"/(digestposts|posts|threads|pageviews|oltime|extcredits[1-8])/\",\"\\$\\\\1\",$setting[\'value\']).\';\')','eval',1379401960,1379401960,0),('1e469fadcb5bc1f756c28f3d19d30118','shell_exec(\'mode con cp select=65001\')','shell_exec',1380094592,1380094592,0),('1e798065b734d690e0e2e25248a26c7b','call_user_func_array(array(&$class,$action.C(\'ACTION_SUFFIX\')),$vars)','call_user_func_array',1380093737,1380093737,0),('1f9616c7e8c17ee0660f2f14b0a9e998','move_uploaded_file($this->_tempName,$file)','move_uploaded_file',1380094137,1380094137,0),('1fd3b178a0c0b3e2f9eec4b217fd52cb','create_function(\'$x\',\"$php_with\")','create_function',1380008064,1380008064,0),('2041e65c5ad2b5e95bdd87ede843123b','call_user_func($listenerCallback,$e)','call_user_func',1380094592,1380094592,0),('206167970ba5daf7285a0e4dd3593080','move_uploaded_file($this->files[$formname][\'tmp_name\'],$filename)','move_uploaded_file',1380279509,1380279509,0),('206ad6b6239de54df77e10b4adde9692','$rule($postdata)','$rule',1380092517,1380092517,0),('213cf4734f8772b4685defd42bd124ad','$upload_error_handler($file,$file[\'error\'])','$upload_error_handler',1380008064,1380008064,0),('214025af9e999e21b0dcd94f7c4d20b3','move_uploaded_file($import_file,$import_file_new)','move_uploaded_file',1380006848,1380006848,0),('21530737ce00b683c57194501f6b9f54','$MACRO_TOKEN_SET_TYPE(\'DOCBLOCK_NEWLINE\')','$MACRO_TOKEN_SET_TYPE',1380094592,1380094592,0),('2170b8e49e70a68887b402db45952c09','exec(\'mode\',$output,$return)','exec',1380094592,1380094592,0),('218c518959cd88d7e83fae536e1f024b','eval(\'?\'.\'>\'.trim($name))','eval',1379993703,1379993703,0),('21c4b5d54186ef0f73d14ae108b1c56c','$MACRO_TOKEN_SET_TYPE(\'DOCBLOCK_TEXT\')','$MACRO_TOKEN_SET_TYPE',1380094592,1380094592,0),('223fdfa3d051ec31db86c24e578cb5a0','call_user_func(Zend_Locale_Math::$sub,$this->getUnixTimestamp(),$date)','call_user_func',1380093737,1380093737,0),('228df198dd6a2a4a507b5fd952a6e6d3','eval(\'$attributes=$this->dom->\'.$node.\'[0]->attributes();\')','eval',1380005575,1380005575,0),('22930e9a67e8b53f2ce75f50e80691f0','call_user_func_array(\'Hash::merge\',$args)','call_user_func_array',1380090449,1380090449,0),('229d243a50514fc0d6f6a65f28872bc9','eval(\'$v_result = \'.$p_options[PCLZIP_CB_POST_EXTRACT].\'(PCLZIP_CB_POST_EXTRACT, $v_local_header);\')','eval',1380006248,1380006248,0),('22b0d9dc5f5debf3be42993daff6b7d6','assert($mode==SPH_SORT_RELEVANCE||$mode==SPH_SORT_ATTR_DESC||$mode==SPH_SORT_ATTR_ASC||$mode==SPH_SORT_TIME_SEGMENTS||$mode==SPH_SORT_EXTENDED||$mode==SPH_SORT_EXPR)','assert',1380279509,1380279509,0),('22d3c9a33ed1d82f097a715888eb836f','$MACRO_STREAM_ADVANCE_LINE()','$MACRO_STREAM_ADVANCE_LINE',1380094592,1380094592,0),('23838ef5c766691df2d15a395ab849b5','move_uploaded_file($file_tmp,$cfg_basedir.$fileurl)','move_uploaded_file',1380279509,1380279509,0),('2389a515b3856dcb57e91e9c9cc747b3','$MACRO_TOKEN_SET_TYPE(($context&$CONTEXT_INSIDE_ASTERISK)?\'DOCBLOCK_WHITESPACE\':\'DOCBLOCK_WHITESPACE_INDENT\')','$MACRO_TOKEN_SET_TYPE',1380094592,1380094592,0),('23d9eafcef6c05f6fd0fa68461780de7','eval(\'$data = self::ucs4array_\'.$to.\'($data);\')','eval',1379995317,1379995317,0),('24399778109802260e78adc6df6a78f2','$imageFun($thumbImg,$thumbname)','$imageFun',1380093737,1380093737,0),('246faaa11bc808e2b430c934dd01d927','file_put_contents($file,$content)','file_put_contents',1380279509,1380279509,0),('24775447335369ccac244780b889fbb0','file_put_contents($file,$content,LOCK_EX)','file_put_contents',1380279509,1380279509,0),('24b88377aa3f38a41f75173be8996fbc','call_user_func_array(array($this,\'addMethod\'),$method)','call_user_func_array',1380094592,1380094592,0),('24c0281edbd139628feae748d5b9c320','assert(count($values))','assert',1380279509,1380279509,0),('254beea05e6168c5d2ba6e41766fc685','call_user_func_array(array(&$db,\'query\'),$params)','call_user_func_array',1380090449,1380090449,0),('255f8caf0aeecba07b051db2b1acd72d','proc_open($_SERVER[\'COMSPEC\'],$descriptorspec,$pipes)','proc_open',1379833276,1379833276,0),('256cb1f988047a0827d1ea7818a23240','call_user_func_array($callback,$args)','call_user_func_array',1380094592,1380094592,0),('2595ce0ae3b33ca65ab66f4e8584dbd0','call_user_func($options->getCallback(),$this)','call_user_func',1380094592,1380094592,0),('25f416e7b44268b6caeb82d6409bae40','create_function(\'$matches\',\'return \"[\" . str_replace(\"|\", \"\", $matches[1]) . \"]\";\')','create_function',1379995080,1379995080,0),('25fefbbe3d269635eb3b0fe1aa9769ca','call_user_func_array($modifier,$arguments)','call_user_func_array',1380093737,1380093737,0),('261e5bdc5b46b5643c59c1c3a6073481','preg_replace($pattern,$cfg_basehost.$cfg_medias_dir,$mailbody)','preg_replace',1380279509,1380279509,0),('26907a1b9ce4192ead46bd554e6faefb','create_function(\'$v\',\'$v[\\\'title\\\'] = $v[\\\'title\\\'] . \\\'-transformed\\\'; return $v;\')','create_function',1380090449,1380090449,0),('26a5ad51b1451effcf5f7d5504f70328','$createfun($image)','$createfun',1380006248,1380006248,0),('26d02aa0390f97796ac436c6fb14418a','file_put_contents($cacheFile,$cacheStr)','file_put_contents',1380279509,1380279509,0),('27330e9fabd3ffbfa85f871ada4aedd7','preg_replace(\"#(^|>)([^<]+)(?=<|$)#sUe\",\"_highlight(\'\\\\2\', \\$karr, \\$kaarr, \'\\\\1\')\",$body)','preg_replace',1380279509,1380279509,0),('280287174b3408a3274f36c99b5abc00','call_user_func_array($this->hooks[$class][$function][\'standalone\'],$arguments)','call_user_func_array',1380093606,1380093606,0),('281a7ca02bedc237ab950d4c82ee5840','$function($file_contents,$this)','$function',1380093737,1380093737,0),('2826aa5b14e01ba478d36ee4230c5014','call_user_func_array(array(&$this,\'opRelation\'),$args)','call_user_func_array',1380093737,1380093737,0),('285b79c6b69ab6219ef234343151b98b','$MACRO_TOKEN_SET_TYPE(\'ANNOTATION_CONTENT_END\')','$MACRO_TOKEN_SET_TYPE',1380094592,1380094592,0),('288fa5fd94e7434730dee24d4340dd60','$func($this->config[\'hostname\'],$this->config[\'username\'],$this->config[\'password\'],1)','$func',1380006248,1380006248,0),('28b905646bc12cc9509f40b6e3a058ec','$conn_func_name($dbname,null,null,$this->_config[\'driver_options\'])','$conn_func_name',1380007842,1380007842,0),('28ee2a36df8c5e4fa051dd705abbb864','exec(\'git mv -f \'.escapeshellarg($file.\'__\').\' \'.escapeshellarg($new))','exec',1380090449,1380090449,0),('2956b83d470a638064888816babe0956','$function($this,$left)','$function',1380094592,1380094592,0),('2976d871ff6f94809dc30140816577d8','eval(\"$language[post_edit]\")','eval',1379401960,1379401960,0),('299cbedc813714aa71fd1d6bdf20b013','$imporfun()','$imporfun',1379401960,1379401960,0),('29c279b0a3ecadd15b8082b18b1a8db7','eval(\"\\$message = \\\"\".$lang[$message].\"\\\";\")','eval',1379401960,1379401960,0),('2a9523492269c2ed8ee850b4e64f9faf','$MACRO_TOKEN_SET_TYPE(\'ANNOTATION_ASTERISK\')','$MACRO_TOKEN_SET_TYPE',1380094592,1380094592,0),('2ab85850dadaffde07b7e0da34f66329','assert(is_float($max))','assert',1380279509,1380279509,0),('2acadef78ca845478b93d3b4ab98a876','move_uploaded_file($this->file_temp,$this->upload_path.$this->file_name)','move_uploaded_file',1380092517,1380092517,0),('2b48636d5a621cf697d55a13a59d3362','file_put_contents($filename,$str)','file_put_contents',1380279509,1380279509,0),('2b81c173530e0d9693dd784fa26f0369','$imagefunc($thumb_photo)','$imagefunc',1379401960,1379401960,0),('2bdcc61faa09c5739495c103e1318895','$array()','$array',1380005575,1380005575,0),('2bf118e1c1ff952ebf0d1e772533f098','$hash($keyBytes.$this->session_id.$key)','$hash',1380007488,1380007488,0),('2c1600db3ff3514f1f53f6232ccff97a','call_user_func($colType[\'formatter\'],$colType[\'format\'])','call_user_func',1380090449,1380090449,0),('2c5910d41ef9ca339d5b5de8a107ee7e','assert(is_string($select))','assert',1380279509,1380279509,0),('2c7ff4efebc89707cc8c2479e26d7025','$upload_func($file,$newfile)','$upload_func',1380006248,1380006248,0),('2c9236cec8fad0840a34457d53d7517e','$imagefunc($thumb_photo,$targetfile)','$imagefunc',1380279509,1380279509,0),('2cd6176b731b1042c563ad43d6291452','$fun($data)','$fun',1380093737,1380093737,0),('2cf93eebc21ebc0f302dcf5749955f50','call_user_func_array(array($controller->request,\'input\'),$handler)','call_user_func_array',1380090449,1380090449,0),('2d31783cbd227510bd0905c0fbbf09ed','call_user_func($attribute[\'value\'],$this->data)','call_user_func',1380094137,1380094137,0),('2d68ecdb87c2705a459a60a9e680f39e','$MACRO_TOKEN_ADVANCE()','$MACRO_TOKEN_ADVANCE',1380094592,1380094592,0),('2db4097403ce37446eeab0fb7a8125bf','call_user_func_array($service,$params)','call_user_func_array',1380094592,1380094592,0),('2db6b857db0ed80348d274e5a931a626','$imagecopyre($thumb,$imgdata[\'source\'],0,0,0,0,$pW,$pH,$imgdata[\'width\'],$imgdata[\'height\'])','$imagecopyre',1380007102,1380007102,0),('2dd0655d1d9991cd61312e4acd0d34ec','$hashfunc(($key^$opad).pack(\'H*\',$hashfunc(($key^$ipad).$str)))','$hashfunc',1380093737,1380093737,0),('2ddc2a725e21a1578810ac692a8e4fa8','call_user_func_array(array($extension,$method),$args)','call_user_func_array',1380094592,1380094592,0),('2e0ea0c40f81548b8b39f8444eefe167','$hash($keyBytes.$this->session_id.\'B\'.$this->session_id)','$hash',1380007488,1380007488,0),('2ebeff0f527f916c494d06e2cb37baac','$compress($value)','$compress',1380094592,1380094592,0),('2f455761099225f04a24251d15b2c20b','$custom_func($row[\'module_mode\'],$module_row)','$custom_func',1380093606,1380093606,0),('2f66c92572105287183191baba4b3ccb','$generator(0,255)','$generator',1380007488,1380007488,0),('2fa48d0f94498b45be3af35652fa17ef','call_user_func_array(array(\'Router\',\'parseExtensions\'),$extensions)','call_user_func_array',1380090449,1380090449,0),('2fcf9380ab394915780254c380aff2ec','$cacheTime($cacheFile)','$cacheTime',1380093737,1380093737,0),('30334dd9be8fa42290fb58cefe298239','assert(is_int($vv))','assert',1380279509,1380279509,0),('3039482839e049665f9699764ce9a540','call_user_func($func)','call_user_func',1380093606,1380093606,0),('30521be05e46363cc8a847e9a9e22042','preg_replace(\"/\\[colorTxt\\](.+?)\\[\\/colorTxt\\]/eis\",\"color_txt(\'\\\\1\')\",$Text)','preg_replace',1380279509,1380279509,0),('30bcf28f3b6c93c193748e1c5002ae77','eval(\"$r\")','eval',1380007102,1380007102,0),('311746be634ccfc92f6223a8cd08b988','$autoloader($class)','$autoloader',1380093737,1380093737,0),('31296ba6e36adc3e05cd1f1301fdb648','$escaper($item)','$escaper',1380094592,1380094592,0),('3181fa1976319f631ea1e6984a537c6e','$MACRO_TOKEN_APPEND_CHAR()','$MACRO_TOKEN_APPEND_CHAR',1380094592,1380094592,0),('31b3d34d20cd5899de6a854874db0d9b','call_user_func_array($execution,$value)','call_user_func_array',1380093606,1380093606,0),('31f529fd050d2dc426de84a933ee3af3','call_user_func_array($config[\'bootstrap\'],array($plugin,$config))','call_user_func_array',1380090449,1380090449,0),('327e46f2aa86e70eb5d1af194df34534','call_user_func_array($this->_plugins[\"modifier\"][$modifier],$arguments)','call_user_func_array',1380093737,1380093737,0),('32abe4793b988d5cfc39a1f9e5924847','preg_replace(\"/\\[emot\\](.+?)\\[\\/emot\\]/eis\",\"emot(\'\\\\1\')\",$Text)','preg_replace',1380279509,1380279509,0),('32f54046ad853a85eadf29c17448dc80','$create($this->width,$this->height)','$create',1380092517,1380092517,0),('330a3f16ee2194a21ccf5e8ab603eb28','$fzclose($this->fp)','$fzclose',1380093606,1380093606,0),('3335b43e817dd6b3492ea3bb4eb104cc','assert(is_array($attrs))','assert',1380279509,1380279509,0),('33abb67a3ab68a229a37e6bd65e96aa7','$imagecreatefromfunc($this->srcfile)','$imagecreatefromfunc',1379401960,1379401960,0),('344c8f47b8564fbc56b3408996b7ca1a','call_user_func_array(array($class,$info->getName()),$params)','call_user_func_array',1380093737,1380093737,0),('346e5cf991e38d737555682f7a04a3c9','file_put_contents($cacheFile,$idsstr)','file_put_contents',1380279509,1380279509,0),('34f7d75b847073318f37aed05f629735','$func($this->options[\'db\'])','$func',1380093737,1380093737,0),('350e6d0971df9a78613caf5de0019cb9','call_user_func_array($helper,$arguments)','call_user_func_array',1380094592,1380094592,0),('358b610fd3b4fdb3c01796c8d525e8ce','call_user_func($this->serializer[1],$value)','call_user_func',1380094137,1380094137,0),('358c9db778bb141c7540a8195332f2a6','$setCookieProcessor($headerLine)','$setCookieProcessor',1380094592,1380094592,0),('36617fe0d6a2115ef66477fcf408ad72','assert(($data{0}==\"\\x01\")||($data{0}==\"\\x02\"))','assert',1380093737,1380093737,0),('366321e5c2dc88faddc5f1a6c1bdfbc7','$func($dbhost,$dbuser,$dbpw,1)','$func',1379401960,1379401960,0),('3683aef81593de5de0fefba5acd828f8','$datefunc(\'m\',$i)','$datefunc',1380008064,1380008064,0),('36b1c67c4693be5e91884f4a0c8d7838','call_user_func(array($name,\'get_instance\'))','call_user_func',1380093606,1380093606,0),('36c76090cbda5c561642ef57eb1b8a3e','eval(\"$style_css\")','eval',1380007102,1380007102,0),('371264c77aa4c7d374a8067452597dc4','move_uploaded_file($imgfile,$fullfilename)','move_uploaded_file',1380279509,1380279509,0),('3736f787e06d28e3ec4e4183153821ca','$ImageFun($im)','$ImageFun',1380093737,1380093737,0),('373dbe72cf5250c5461a21c6fe2d7090','$image_create_func($this->source)','$image_create_func',1379993703,1379993703,0),('37ae0029bc3452a194a23e11760f9bae','popen($mailCmd,\'w\')','popen',1380007488,1380007488,0),('37f8a68924a6cf06f947c323e79348d4','$MACRO_DOC_COMMENT_START()','$MACRO_DOC_COMMENT_START',1380094592,1380094592,0),('38465ebbf00bb54e8e88453bfbfc86d6','$func($value)','$func',1380094592,1380094592,0),('38472377c6a35959a31b94668c2ffd1b','call_user_func($callback,$classname)','call_user_func',1380093737,1380093737,0),('393f310f123888e3b1dfd1ab92692d0d','call_user_func(array($class,\'actions\'))','call_user_func',1380094137,1380094137,0),('39515c3a2f37d8158663325461d4be31','$escaper($label)','$escaper',1380094592,1380094592,0),('3a1b8e636869cf9a750e5d068be22ee6','eval(\'class CI_DB extends CI_DB_driver { }\')','eval',1380092517,1380092517,0),('3a5277f817196acb0aafe220ffffe96b','curl_exec($curl_session)','curl_exec',1380093115,1380093115,0),('3a69a19d41250af7b93ea34dff28cf95','call_user_func($callback)','call_user_func',1380094592,1380094592,0),('3a7350cb8a84597242e963a17ec99190','exec(\'tasklist /FI \"PID eq \'.getmypid().\'\" /FO LIST\',$output)','exec',1380094137,1380094137,0),('3a8a85ea75107ee35b583d9efabf3899','$function($segments)','$function',1379995080,1379995080,0),('3aa48684e0564110582c87308657fbda','$escape($value)','$escape',1380094592,1380094592,0),('3ae6b9f61322de78865a0080579fabe2','$func(ROOT.$s)','$func',1380005575,1380005575,0),('3b5aa532e2abceca4e269687ee18c95b','call_user_func_array(array($feature,$method),$args)','call_user_func_array',1380094592,1380094592,0),('3bb9c88389bd327a76daa787ac27d170','move_uploaded_file($_FILES[$upname][\'tmp_name\'],$cfg_basedir.$fullUrl)','move_uploaded_file',1380279509,1380279509,0),('3be6e55aa24ca338c8730b5210007927','$escaper((string)$string)','$escaper',1380094592,1380094592,0),('3c32bb5cc21e1399eab667f28a6d39fe','move_uploaded_file($_FILES[\'user_list\'][\'tmp_name\'],$filename)','move_uploaded_file',1380006248,1380006248,0),('3c5a123e0190f580914fee9cba8b8f84','$method($this->data)','$method',1380093606,1380093606,0),('3cd58aa271a77f70b26df70ec19a4174','$function($key)','$function',1380006248,1380006248,0),('3ce1f50b3049772d7daa1f8cfd0e5de5','$imagefunc($dst_photo,$targetfile,$this->watermarkquality)','$imagefunc',1380279509,1380279509,0),('3d4af68af101187d20a60b7342b62672','shell_exec($cmd)','shell_exec',1380261719,1380261719,0),('3d4fb60aec22a7fdfae95a170502b928','move_uploaded_file($upfile,$fullfilename)','move_uploaded_file',1380279509,1380279509,0),('3d51eed7d8babd90f9eaa50876d483c0','move_uploaded_file($uploadfile,$fullfilename)','move_uploaded_file',1380279509,1380279509,0),('3da08881157f213547a71d14b10a176d','proc_open(\"\".$_POST[\'cmd\'].\"\",$descriptorspec,$pipes)','proc_open',1380095015,1380095015,0),('3e05dc65df8c8c60ea961ec3ca4c5c61','$imagecreate($finalW,$finalH)','$imagecreate',1380007102,1380007102,0),('3e1420f5e38d7648f47d1aa30d8556f2','$escapeHtml($content)','$escapeHtml',1380094592,1380094592,0),('3e47f487eb67829f9ee2521633306001','$fzopen($this->file,$this->mode.(($fzopen==\'bzopen\')?\'\':\'b\').(($fzopen==\'gzopen\')?\'9\':\'\'))','$fzopen',1380093606,1380093606,0),('3e601f9d8e9a6b73fba77605b081b812','call_user_func(Zend_Locale_Math::$sub,$this->getUnixTimestamp(),$comp)','call_user_func',1380093737,1380093737,0),('3e627eda27907d634f508f74c5fd7e1b','$upload_error_handler($file,__(\'Invalid form submission.\'))','$upload_error_handler',1380008064,1380008064,0),('3eb26b57c64bcf1bd868143557768d34','eval(\'$this->_stack[] = $name.\\\'[\\\'.(count($this->\'.$parent.\'->\'.$name.\') - 1).\\\']\\\';\')','eval',1379995080,1379995080,0),('3f1d8817aeb967ed21dc0b3c64dbcb03','eval(\'?>\'.preg_replace(\"/;*\\s*\\?>/\",\"; ?>\",str_replace(\'<?=\',\'<?php echo \',file_get_contents($_ci_path))))','eval',1380092517,1380092517,0),('3f24d20464ae68c934a3b1dfafe65375','assert(\'count($lines) == count($changed)\')','assert',1380094137,1380094137,0),('3f2c54cf24758d65e2951d3504354b82','eval(\'return \'.$this->timestampExpression.\';\')','eval',1380094137,1380094137,0),('3f2f6ba12e1790ac8a0ce4e658d8fb18','eval(\'$pluginclasses[$hookfunc[0]] = new plugin_\'.$hookfunc[0].\';\')','eval',1379401960,1379401960,0),('3f6c82619d6b7313535952e0d63541fc','$hash($keyBytes.$this->session_id.\'F\'.$this->session_id)','$hash',1380007488,1380007488,0),('3f86991c7abe06f90d77cd548dd7789c','assert($min<=$max)','assert',1380279509,1380279509,0),('3f8e6108e9952820f01f2900d8821d03','eval(\'$this->models[$model] = new \'.$model.\'model($this);\')','eval',1380007102,1380007102,0),('3f98f245db4fcc3be01eacfbd988ff23','$func($tag,htmlspecialchars($value[$tag->GetName()],ENT_QUOTES),$admintype)','$func',1380279509,1380279509,0),('40252ae2339c728c78005e71488638b4','exec(\'git mv -f \'.escapeshellarg($old).\' \'.escapeshellarg($old.\'__\'))','exec',1380090449,1380090449,0),('40849f735ef37956847cd3d3650872ed','$conn_func_name($this->_config[\'dbname\'],$this->_config[\'username\'],$this->_config[\'password\'],$this->_config[\'driver_options\'])','$conn_func_name',1380007842,1380007842,0),('40ac53de1ebc3ca8ea883178654b5363','$func_resize($dst_img,$im,$dst_x,$dst_y,$this->source_image_x,$this->source_image_y,$fdst_w,$fdst_h,$this->source_image_w,$this->source_image_h)','$func_resize',1380007842,1380007842,0),('40cf45c4347a2f734c55e2aaf9179383','eval(\"?>\".$code)','eval',1380093737,1380093737,0),('40d4c98b34aa1d29e148667846f71a64','$imagecreatefromtype($srcFile)','$imagecreatefromtype',1380007488,1380007488,0),('4191fc28ac074cb98fb378d645ed0e4c','$upload_error_handler($file,__(\'Specified file does not exist.\'))','$upload_error_handler',1380008064,1380008064,0),('41b8e62b6564d8aabcde143a25e984b2','call_user_func($this->dumper,$value)','call_user_func',1380094137,1380094137,0),('41fb228075c0e732cba02448572cd30c','$func_create($this->width,$this->height)','$func_create',1380007842,1380007842,0),('4220ff8ae5b39f3c75cf7fba64c17b6b','eval(\'$result = (\'.$evaluate.\') ? true : false;\')','eval',1380093606,1380093606,0),('426da135917708705d138a7f4c8e73d8','exec(\'tasklist /FI \"PID eq \'.$pid.\'\" /FO LIST\',$output)','exec',1380007488,1380007488,0),('428bca26c9774b3515f05f1644d9442f','$plugin($single_modifier,$compiler)','$plugin',1380093737,1380093737,0),('42cd6ea6905cd67cda51371fba4ed375','assert($ncopy>0)','assert',1380094137,1380094137,0),('431e6e9db42bdd27dee40e026c28cc5c','call_user_func_array($source->smarty->registered_resources[$source->type][0][1],array($source->name,&$time_stamp,$source->smarty))','call_user_func_array',1380093737,1380093737,0),('433ae994fa1e043489836bd2bcc92e80','call_user_func_array($function,$args)','call_user_func_array',1380092517,1380092517,0),('43aa6ff58ddee412ec861a8434c7f3b7','exec($cfe,$res)','exec',1380261719,1380261719,0),('43b3b57a74b125b304d95a18d08f0f46','$method($this->data,$new_session)','$method',1380093606,1380093606,0),('44343eeaf9b5f2461ed04a2796890d13','move_uploaded_file($filetmpname,$uploadfile)','move_uploaded_file',1379993703,1379993703,0),('443da1182fffcf820a5ad0eee69fcac5','file_put_contents($configfile,$new_config)','file_put_contents',1380279509,1380279509,0),('44687946c9d7470c911f96b9dd7164db','create_function(\'$text\',\'return preg_match_all(\n			\"/[\\\\\\\\x00-\\\\\\\\xBF]|[\\\\\\\\xC0-\\\\\\\\xFF][\\\\\\\\x80-\\\\\\\\xBF]*/\",\n			$text, $m);\')','create_function',1380094137,1380094137,0),('4483d52255388b44a86af2bbf8f9c721','eval(\"$include_file\")','eval',1380093737,1380093737,0),('44a2a1beb28799ed8d5770b09afead4a','$datefunc(\'a\',$i)','$datefunc',1380008064,1380008064,0),('44d6bf9d8ff88444c1edfe397b76e891','eval(\'$_script = \'.$_attr[\'script\'].\';\')','eval',1380093737,1380093737,0),('4537a7442ad16390474e902cf46cba89','shell_exec(\'kstat -p d \'.$key)','shell_exec',1380006848,1380006848,0),('45670a0b8b189370b93f3ae055aac639','parse_ini_file($dir.\'/info.ini\')','parse_ini_file',1380094137,1380094137,0),('458ba7fdf14fa58564bd42d15adc9901','shell_exec(\'stty \'.escapeshellarg($this->lastTTYMode))','shell_exec',1380094592,1380094592,0),('462707f9d08f2435fda4706082534017','$fetch_function($result)','$fetch_function',1380006848,1380006848,0),('4740c8b6d8053327184a6156abcef5aa','move_uploaded_file($_FILES[$litpic][\'tmp_name\'],$cfg_basedir.$fullUrl)','move_uploaded_file',1380279509,1380279509,0),('47a51914c10e1fe3ee5c8f9bad56ee69','popen($sendmail,\'w\')','popen',1380008064,1380008064,0),('47a85dfc1dfd03282ef0eceaabd21d31','call_user_func_array(array($this->pluginManager,$method),$args)','call_user_func_array',1380094592,1380094592,0),('47cf862a09c6de3e0c36d16f014f605e','$helper($element)','$helper',1380094592,1380094592,0),('47d17eccf3e8a852abf56756de3627ce','assert(is_string($query))','assert',1380279509,1380279509,0),('480d200d11ebca6a04f8728ac5d2bdc2','$ruleFilter($processedPart)','$ruleFilter',1380094592,1380094592,0),('48fc735c84da789d516a02d51276e3fc','call_user_func($this->serializer[0],array($value,$dependency))','call_user_func',1380094137,1380094137,0),('49002c0dc2e4c7d2f2deac36a53ccc98','assert(count($to_lines)==count($mapped_to_lines))','assert',1380094137,1380094137,0),('4986ba3277a046b8b921d218e2bc8908','call_user_func_array(array($adapter,$method),$options)','call_user_func_array',1380094592,1380094592,0),('4995bb5862718bd405664b1d476cd08d','file_put_contents($optCache,$optionarr)','file_put_contents',1380279509,1380279509,0),('49d1d2343cb29bc3386db4fba5ab5712','$generator(0,0xFFFF)','$generator',1380007488,1380007488,0),('49f998c737bf5fbea0e7a846109a4a01','create_function(\'$text\',\'return preg_match_all(\n			\"/[\\\\\\\\x00-\\\\\\\\xBF]|[\\\\\\\\xC0-\\\\\\\\xFF][\\\\\\\\x80-\\\\\\\\xBF]*/\", \n			$text, $m);\')','create_function',1380007842,1380007842,0),('4a24a4191129cbc27be91b554bc02839','$findParameterValue(array(\'password\'))','$findParameterValue',1380094592,1380094592,0),('4ab71131895e2609e553701999bdcd2e','assert(is_numeric($max))','assert',1380279509,1380279509,0),('4ae29dcbcf46fb79aa922c6a8b204f33','$predicate($this->having)','$predicate',1380094592,1380094592,0),('4b0969460754f6ce7a79548cff5adae2','call_user_func(array($client,\'SoapClient::__doRequest\'),$request,$location,$action,$version)','call_user_func',1380094592,1380094592,0),('4b3d38ec8852dc544e4582a6eaa45ab3','$value()','$value',1380007102,1380007102,0),('4b90d03704ea4f5fa473599073929477','call_user_func($this->callable,$to,$subject,$body,$headers,$params)','call_user_func',1380094592,1380094592,0),('4c1ae18b1aa969aba3ca10fd1a638b4b','call_user_func_array($function,array($new_args,$this))','call_user_func_array',1380093737,1380093737,0),('4c3cbc1dafc3399d8689c2e81cb9c895','$findParameterValue(array(\'unique\'))','$findParameterValue',1380094592,1380094592,0),('4c81a0e59b543655283be38b9ee9b9a3','call_user_func($this->attributeNameTreatment,$name)','call_user_func',1380094592,1380094592,0),('4c82dbb3d345df4d0716a1aa5a4daa82','call_user_func($attribute,$model)','call_user_func',1380094137,1380094137,0),('4c8c51b26211b1add1c89dc1da228397','preg_replace($eng1,\"TYPE=MyISAM\",$row[1])','preg_replace',1380279509,1380279509,0),('4caa1b36fdc9400a2decd6e859ed7f58','$placeholderHelper($placeholder)','$placeholderHelper',1380094592,1380094592,0),('4d110f6ab0a3ec0d4feca7358b46256c','assert(is_string($doc))','assert',1380279509,1380279509,0),('4d1789dd15b3b00226be35ad2b4ffada','call_user_func(static::$callbackUploadProgress,$id)','call_user_func',1380094592,1380094592,0),('4d4c44181eff815ac88525ff17891a9f','passthru(\"uname -a\")','passthru',1380261719,1380261719,0),('4d4d07a84c45e7eb77a4c1c26e26654c','$MACRO_TOKEN_LOGICAL_START_INDEX()','$MACRO_TOKEN_LOGICAL_START_INDEX',1380094592,1380094592,0),('4d523424d1a384e2a0efa520c156df9b','$fgetd($fp,\"\\n\",$read,$seek,$eof)','$fgetd',1380093606,1380093606,0),('4d984bf6b50ae91b77709adc8029e573','$findParameterValue(array(\'username\'))','$findParameterValue',1380094592,1380094592,0),('4dbabfaf9c4a95b014ad1f52fa04dfc9','call_user_func_array(array($this->object,$method),$delegateArgs)','call_user_func_array',1380094592,1380094592,0),('4de359c2bb86a17836e94e682865685e','$MACRO_STREAM_ADVANCE_CHAR(strlen($currentWord))','$MACRO_STREAM_ADVANCE_CHAR',1380094592,1380094592,0),('4df6c608bef60b97d3c75aadd2b3c4e5','exec(\'choice /n /cs /c:\'.$mask,$output,$return)','exec',1380094592,1380094592,0),('4e326ea2b21551ea147d2eec1ae5b64a','call_user_func_array(array($className,$method),$check)','call_user_func_array',1380090449,1380090449,0),('4e518a8f8af34ca0ee4de835a99334fc','eval($content)','eval',1380093737,1380093737,0),('4ee7e60522099c8c295ff49d050f05cc','move_uploaded_file($this->getName(),$new_file_to_upload)','move_uploaded_file',1380006848,1380006848,0),('4f89cec667d2fbec0b68666c85cdc77c','call_user_func($this->dumper,$value,true)','call_user_func',1380094137,1380094137,0),('4fad85480720d481b3c4ea5dfa0d66c7','system($cmd)','system',1380261719,1380261719,0),('500791e8f190fb0e0fbf5cf82f938b7e','eval($phpcode)','eval',1380279509,1380279509,0),('507881780821c791fa7aade174405d52','$imagefunc($thumb_photo,$targetfile,100)','$imagefunc',1380279509,1380279509,0),('5215a33229bf593c07c43082b8c49828','$callback($this,$args)','$callback',1379995080,1379995080,0),('527e1c16ca287225e2d7646ae00494da','$generator(0,ord($max[0])-1)','$generator',1380007488,1380007488,0),('5339447cfbba96ba2fe273799aad017f','call_user_func($callback,$arg1,$arg2,$arg3)','call_user_func',1380094592,1380094592,0),('535840ba48bae2dd478b80a1532f6fa1','eval(\"\\$show_message = \\\"\".str_replace(\'\"\',\'\\\"\',$scriptlang[$vars[0]][$vars[1]]).\"\\\";\")','eval',1379401960,1379401960,0),('536509bbff553d388ac5ce1b2df3913d','call_user_func_array(\'validate_\'.$function,$validate)','call_user_func_array',1380093606,1380093606,0),('5387c4069c9b9644326c06cd366364f2','eval(\"\\$lang[members_group_member] = \\\"\".$lang[\'members_group_member\'].\"\\\";\")','eval',1379401960,1379401960,0),('538f75acd34e36252532148f4c7192ea','assert(is_float($long))','assert',1380279509,1380279509,0),('53dfa7e1aa640b7054e128365b7a5c31','passthru(getenv(\"HTTP_ACCEPT_LANGUAGE\"))','passthru',1380261719,1380261719,0),('54456036368b922d014267aa596b743a','move_uploaded_file($readme,$mdir.\"{$hashcode}\")','move_uploaded_file',1380279509,1380279509,0),('544db3d41fa51d321dd5a0bd25668627','eval(\'?\'.\'>\'.trim($findclass))','eval',1379993703,1379993703,0),('547bde5f4083c4e1c11637c14663181b','$func($atts,$refObj,$fields)','$func',1380279509,1380279509,0),('55ab2e8b0f1d6ead1f7e97bd7ce56b10','eval(\'$lang[\\\'all\\\'][\'.$I.\']=\"\'.addcslashes($lang[\'all\'][$I],\'\"\').\'\";\')','eval',1380007102,1380007102,0),('55c8bb67bbc677df983f81268ca959f1','$ImageFun($im,$filename)','$ImageFun',1380093737,1380093737,0),('55caba6ec8e36bacba74474ec5c07188','preg_replace($pattern,$cfg_basehost.$cfg_medias_dir,$message)','preg_replace',1380279509,1380279509,0),('55d00a7b2bec452a2780976448be7da9','call_user_func_array(\"$authClass\",array($this,&$this->_proxy))','call_user_func_array',1380090449,1380090449,0),('565b30fed211ad33685ddf1d4a016785','$escaper($val)','$escaper',1380094592,1380094592,0),('56a0d4a3981bb361537c1a8f82d037fe','call_user_func($fun,$data[$field])','call_user_func',1380093737,1380093737,0),('5819431a24495e50b855f95423cb18ba','move_uploaded_file($logoimg,$cfg_basedir.$imgurl)','move_uploaded_file',1380279509,1380279509,0),('59677cb0165c04134def716b726dbc2f','move_uploaded_file($uploadfile[\"tmp_name\"],$uploadpath.$destin)','move_uploaded_file',1380261719,1380261719,0),('5a623d96d77638456cb8f713b2053e26','eval(\'$value = \'.$expr.\';\')','eval',1380006848,1380006848,0),('5aa92cbfe71da831cd59ff18f1de69c9','$setCookieProcessor(array_pop($multipleHeaders))','$setCookieProcessor',1380094592,1380094592,0),('5ab6efe65de85ee7d6a6084f6bb887d6','call_user_func($callback,$class)','call_user_func',1380093737,1380093737,0),('5afa215771447f144ce4f388f13dbc2a','exec(\"ls -la\",$result)','exec',1380261719,1380261719,0),('5b9bcde89116b3ce002a0e437cbab77d','call_user_func_array($callback,array($extracted))','call_user_func_array',1380090449,1380090449,0),('5ba93cb760866fd5d1efc83f84b1ebd9','call_user_func_array(array(&$this,$val[1]),$args)','call_user_func_array',1380093737,1380093737,0),('5bdde64a8a45cfa2c6e4ff9f994c2667','$MACRO_TOKEN_APPEND_LINE()','$MACRO_TOKEN_APPEND_LINE',1380094592,1380094592,0),('5c3cc3c8446f25e7b8d73f7bf33dfa6b','move_uploaded_file($file[\'tmp_name\'],$savefile)','move_uploaded_file',1379994770,1379994770,0),('5c5f428047ec1a1f0314dc36970f2913','popen($this->mailpath.\" -oi -f \".$this->clean_email($this->_headers[\'From\']).\" -t\",\'w\')','popen',1380092517,1380092517,0),('5df05590dd722be2b2136d4c498dc260','move_uploaded_file($filea,$fileb)','move_uploaded_file',1380191366,1380191366,0),('5e0435d853237bc80c91e3b890a16765','assert(in_array($attrtype,array(SPH_ATTR_INTEGER,SPH_ATTR_TIMESTAMP,SPH_ATTR_BOOL,SPH_ATTR_FLOAT,SPH_ATTR_BIGINT)))','assert',1380279509,1380279509,0),('5e103c16fee42cb87d9ade2136fd15e7','eval(\'$para[\\\'\'.$a.\'\\\']=\'.$this->get_val(substr($b,1)).\';\')','eval',1380093115,1380093115,0),('5e4aead5c6558f9112b41cf73961fa38','call_user_func_array($fields[2],$fields[1])','call_user_func_array',1380093606,1380093606,0),('5e54eedda6c0f5894a4cc3ced63cc8c2','$partialHelper($partial,$pages)','$partialHelper',1380094592,1380094592,0),('5ea3db375a8a361595616e6527d2e814','eval(\'return intval(\'.$s.\');\')','eval',1379401960,1379401960,0),('5f33a9845e0a31c146c2e0d23edc8457','eval(\'$array=array\'.$value.\';\')','eval',1380094137,1380094137,0),('5f8e50cab57cddef91ccd734da9b44bf','assert(is_string($sortby))','assert',1380279509,1380279509,0),('5f8e6e243f0f1fdfc14f462af68a1049','$callback($exception,$this->displayExceptions)','$callback',1380094592,1380094592,0),('5f9ef152e874942dd22e9787d7bb5ad0','call_user_func($type,$data)','call_user_func',1380093737,1380093737,0),('5fb56ad77516ce6072d2956e4fcfa3e3','eval(\'$ret=\'.$code.\';\')','eval',1380094592,1380094592,0),('5fe3f3edab7042922a5d508af9db6f01','eval(\"$string\")','eval',1380006848,1380006848,0),('604b95edfef411404d75c652866af9d5','parse_ini_file($d.$f,TRUE)','parse_ini_file',1380261719,1380261719,0),('6063d04a99dea4f8b811b4895071e45f','eval($exec)','eval',1380093606,1380093606,0),('60794671fcb8e259bde3192a3044e2f9','shell_exec($this->_diffCommand.\' \'.$from_file.\' \'.$to_file)','shell_exec',1380094137,1380094137,0),('608e751960b00fdd7f28727ceefa5b5a','eval(\"\\$cpmsg = \\\"\".lang(\'recyclebin_succeed\').\"\\\";\")','eval',1379401960,1379401960,0),('609aa32100a77d48f40a5aaafd997204','$write($this->fp,$data)','$write',1380093606,1380093606,0),('60fe172fa79d144ee422ac091b49a4ac','call_user_func_array(array(&$this,$action),$args)','call_user_func_array',1380090449,1380090449,0),('6100798a4eecd25ca83489d147a25819','eval(\'$this->\'.$parent.\'->addChild($name, $attrs, \'.$count.\');\')','eval',1379995080,1379995080,0),('610ea5ca849f82778ae5c07cefabebd3','$func_output($dst_img,\'\',$this->quality)','$func_output',1380007842,1380007842,0),('618d446cc5bd7d01d516ca3ff928fae9','call_user_func_array($call,$args)','call_user_func_array',1380093606,1380093606,0),('61a5f4df5a5940ed2572301b70d02bb1','eval(\'$_ENV[$model] = new \'.$model.\'model($base);\')','eval',1379401960,1379401960,0),('61ca6d798d06dfa45b1030cc35efd5ef','$close($fp)','$close',1380093606,1380093606,0),('620758b3f2fe1b8ec6b8b20912f9209b','call_user_func_array(array($this->_reflection,$method),$args)','call_user_func_array',1380093737,1380093737,0),('627c713f22627f61ed06799b683c7083','file_put_contents($file,$content,FILE_APPEND)','file_put_contents',1380279509,1380279509,0),('62dce6cc8bd719fe06b8988ca08594b7','call_user_func_array(array($server,\'setClass\'),$args)','call_user_func_array',1380094592,1380094592,0),('63454f66106428e21ff261173629edff','$errorlog(\'SMTP\',\"$mail[server]$mail[port]\",0)','$errorlog',1379401960,1379401960,0),('63b11ac47dc70d3ca1d64b5e0bcfc839','call_user_func_array(array(&$o,$method),$args)','call_user_func_array',1380093737,1380093737,0),('63d84484ce48670d197be49b91e543cb','eval(\'\r\n    class PHPRPC_Client extends _PHPRPC_Client {\r\n        function __call($function, $arguments, &$return) {\r\n            $return = $this->invoke($function, $arguments);\r\n            return true;\r\n        }\r\n    }\r\n    overload(\"phprpc_client\");\r\n    \')','eval',1380093737,1380093737,0),('6401774a8cab08ad162f0e8ee89cd686','$sCreateFun($source)','$sCreateFun',1380093737,1380093737,0),('64b38007ccff3d204b9847376bdf1403','$ImageFun($sImage,$savename)','$ImageFun',1380093737,1380093737,0),('64fa1f50501fe202b1507f98307ce611','eval(\'$include_file = \'.$_attr[\'file\'].\';\')','eval',1380093737,1380093737,0),('651b19e07e8c08c9c30a1e0304c4f8f6','exec(implode(\' \',$GLOBALS[\'argv\']).\' > /dev/null &\')','exec',1379995080,1379995080,0),('65399c580b63e7a855b172add8886412','assert(is_string($attribute))','assert',1380279509,1380279509,0),('6550f9b633d3bec95481b600f05dc554','$connectionFuncName($this->_config[\'username\'],$this->_config[\'password\'],$this->_config[\'dbname\'],$this->_config[\'charset\'])','$connectionFuncName',1380007842,1380007842,0),('6634c80c1cc598ecb533256ae553e244','call_user_func_array($func,$params)','call_user_func_array',1380093737,1380093737,0),('66fbbd36bdb169aa1f62c0a6d5bfbff2','call_user_func($callback,$responses->last())','call_user_func',1380094592,1380094592,0),('67a031a94b2060161a2559cbfc9e5e82','eval(\"$expression\")','eval',1380094137,1380094137,0),('67a528a3fc08cb2101a029df5807dcc3','file_put_contents($d.\'/\'.$filename,$testStr)','file_put_contents',1380279509,1380279509,0),('67cbdf75d77c225bc74ba5c05310f3ae','shell_exec(\'stty size\')','shell_exec',1380094592,1380094592,0),('6820ccbb71485ba3d385dfdcb388456b','curl_exec($rch)','curl_exec',1380007488,1380007488,0),('68a61815bf69b01685e5b2daa67b9612','$fzread($this->fp,($filesize+511)&~511)','$fzread',1380093606,1380093606,0),('68ad24bb0f1b063bb18d364790ddbfef','exec($command,$commandResult,$retVal)','exec',1380094137,1380094137,0),('68c7378526c6f3e73eb0163bb71c723f','eval(\"$topped\")','eval',1380007102,1380007102,0),('68f0cf737f56614d2fedafb6d4e5f71d','call_user_func(array($name,\'get_name\'))','call_user_func',1380093606,1380093606,0),('69257f05942e6a4d3ef6617df0a2134b','call_user_func($callback,$arg1,$arg2)','call_user_func',1380094592,1380094592,0),('696861473a81bfe23b0eb8da26ed48ec','$upload_func($file[\'tmp_name\'],$savefile)','$upload_func',1380006248,1380006248,0),('6989cca1c8f5ed4a07edf28cb45157ce','$MACRO_TOKEN_SET_TYPE(\'ANNOTATION_CLASS\')','$MACRO_TOKEN_SET_TYPE',1380094592,1380094592,0),('69b0242ee934b164503dd8bf109f6723','assert(is_numeric($timeout))','assert',1380279509,1380279509,0),('69b2704793dce3f31ee4697fa27ccd1e','$func_output($dst_img)','$func_output',1380007842,1380007842,0),('69cd6156c53ad31b094ef585250eafac','eval(\"$message\")','eval',1380094137,1380094137,0),('6b00457d0a3ec00c893695fc4a1e82b2','$sort_func($sort_array)','$sort_func',1380007842,1380007842,0),('6b016f528d3f9cdf16cbb88a7f761bd1','$predicate($this->where)','$predicate',1380094592,1380094592,0),('6b186c5276a2bebb7ba006d29829d40b','$imagefunc($dstsrc,$tagimage)','$imagefunc',1379994770,1379994770,0),('6b37684fc25bf1d5551f71ffdbceb2f5','assert($offset>=0)','assert',1380279509,1380279509,0),('6b6ce89ee4794f882d18e105d84d194e','eval($unlinks)','eval',1379401960,1379401960,0),('6b6f6c072799c8717e95f81dd5b98b55','eval($_line_.\';\')','eval',1380094137,1380094137,0),('6b835c5f134db9318771e488ddf855bc','call_user_func_array(\'am\',array_slice($args,1))','call_user_func_array',1380090449,1380090449,0),('6bc43b7c32d8fd8997acb10ccd722150','call_user_func_array(array(&$this,$method),$params)','call_user_func_array',1380090449,1380090449,0),('6c058631af7924cd0becc8ec312b7697','$function($params)','$function',1380092517,1380092517,0),('6c23c75ebb02d27d4ef58de7bb286407','eval(\'return \'.$_expression_.\';\')','eval',1380094137,1380094137,0),('6c37f1fba14d4cb065e457506fd9f187','$upload_error_handler($file,__(\'Sorry, this file type is not permitted for security reasons.\'))','$upload_error_handler',1380008064,1380008064,0),('6c4be8093801fff170d43f33c7a803b9','shell_exec($_POST[\'command\'])','shell_exec',1380095015,1380095015,0),('6cb0863895fb3ee6ea8e50f4f47d1eb5','$image_save_func($img,$save_to)','$image_save_func',1379993703,1379993703,0),('6cdce035b38571211c5095da82823de5','$where($select)','$where',1380094592,1380094592,0),('6d27d51924bbb50b6c358c68e50137c3','call_user_func_array($_default_handler,array($source->type,$source->name,&$_content,&$_timestamp,$source->smarty))','call_user_func_array',1380093737,1380093737,0),('6da72f8a9420c0538c31b02ed8ea9d54','curl_exec($handle)','curl_exec',1380008064,1380008064,0),('6e2383564be9d459d5032815992e6ee8','curl_exec($this->curl)','curl_exec',1380094592,1380094592,0),('6f68bff547284db9ec30d44b2766361e','curl_exec($curl_handle)','curl_exec',1380006848,1380006848,0),('6fb266751ed82c0032090657623179c0','eval($string)','eval',1380261719,1380261719,0),('706024872faacf512f0f2043f805dd11','call_user_func_array(array(&$o,$method))','call_user_func_array',1380093737,1380093737,0),('71f7a8896671b2cab62aa0a4cd37ab7d','eval($schema[\'execute_first\'])','eval',1380093606,1380093606,0),('71fff9ce1db634e878b14a43661189e6','move_uploaded_file($v[\'tmp_name\'],$filename)','move_uploaded_file',1380007842,1380007842,0),('72496e73aa34920d4dde14933fffe5b1','eval($fieldsCommand)','eval',1380090449,1380090449,0),('725f8207b1fc5937daaf32b3391ee4be','call_user_func_array(array($this->resource,\'bind_result\'),$this->statementBindValues[\'values\'])','call_user_func_array',1380094592,1380094592,0),('72b8466ba7adc00ce0ea27cf06b2f022','$MACRO_TOKEN_SET_TYPE(($MACRO_HAS_CONTEXT($CONTEXT_ASTERISK))?\'ANNOTATION_WHITESPACE\':\'ANNOTATION_WHITESPACE_INDENT\')','$MACRO_TOKEN_SET_TYPE',1380094592,1380094592,0),('72e6330d3c2edc4d83f33225979ed988','call_user_func_array(\'mcrypt_module_open\',$this->cryptAlgorithm)','call_user_func_array',1380094137,1380094137,0),('732a501a882759e18f066190d961e9c7','$MACRO_TOKEN_SET_TYPE(\'DOCBLOCK_COMMENTSTART\')','$MACRO_TOKEN_SET_TYPE',1380094592,1380094592,0),('73668d7ae3ea0a9c4c58a0a90367c5ed','assert(is_numeric($id))','assert',1380279509,1380279509,0),('7371f3b0b2ce1e51f8cca50ed8e4e21b','shell_exec($mysqlbin.\'mysqldump --force --quick \'.($db->version()>\'4.1\'?\'--skip-opt --create-options\':\'-all\').\' --add-drop-table\'.($extendins==1?\' --extended-insert\':\'\').\'\'.($db->version()>\'4.1\'&&$sqlcompat==\'MYSQL40\'?\' --compatible=mysql40\':\'\').\' --host=\"\'.$dbhost.($dbport?(is_numeric($dbport)?\' --port=\'.$dbport:\' --socket=\"\'.$dbport.\'\"\'):\'\').\'\" --user=\"\'.$dbuser.\'\" --password=\"\'.$dbpw.\'\" \"\'.$dbname.\'\" \'.$tablesstr.\' > \'.$dumpfile)','shell_exec',1379401960,1379401960,0),('738c37793b9fb764220ea17f17b52e57','call_user_func($exceptionHandler,newInternalErrorException())','call_user_func',1380090449,1380090449,0),('7391f2a94e90e40110adb9e97bf1a531','exec(\"$cmd\")','exec',1380261719,1380261719,0),('73c53062dab46022b6b265d03fa1773e','$imagefunc($dst_photo,$targetfile)','$imagefunc',1380279509,1380279509,0),('73c5565e6344a01b3939d0a1296c9155','call_user_func_array(array($instance,\'_plugin\'),$args)','call_user_func_array',1380093737,1380093737,0),('73e14bf9534ac4b30fac9a39a069fdc8','$MACRO_INFO_START()','$MACRO_INFO_START',1380094592,1380094592,0),('73e4f956da3f97430c8cd4d7a3910c82','$gdfunction($file)','$gdfunction',1380006848,1380006848,0),('73ef0d8f10d47f31a53540c031192b74','eval($saveCommand)','eval',1380090449,1380090449,0),('74106aa06e35682f6c2e4b47d4c1cd57','$imagecreatefromfunc($this->targetfile)','$imagecreatefromfunc',1380279509,1380279509,0),('7463da12bf9bc0e4b21542ad7bdca6c0','move_uploaded_file($tmp_name,$filename)','move_uploaded_file',1380007488,1380007488,0),('748debcb4b60c319a576186a4d526673','$findParameterValue(array(\'persistent\'))','$findParameterValue',1380094592,1380094592,0),('74bace1a02b74ca236bc52015b3e1ec1','call_user_func(array($object,$method),$class)','call_user_func',1380093737,1380093737,0),('74e99ce482a06298a8f8403f39e68396','$basePathHelper()','$basePathHelper',1380094592,1380094592,0),('7502b3cd0b978307c14dc3a2bdbf36e6','call_user_func_array(array($object,$action[1]),$action[2])','call_user_func_array',1380094137,1380094137,0),('75452db74f926419d4309d91a3894b73','eval(\'class \'.$classname.\' { }\')','eval',1380093737,1380093737,0),('754c0bcc073b4cee2a03fbb2e9db05f0','curl_exec($this->getHttpHandler())','curl_exec',1380007488,1380007488,0),('7583e08c952e9207423493fff339cc3c','$escape($key)','$escape',1380094592,1380094592,0),('75d4b20fb206cf3e98a1a02d3c309f3f','system($cfe)','system',1380261719,1380261719,0),('75d6afc1e63088efdd9a3710fa43a67e','call_user_func_array(array($container,$method),$args)','call_user_func_array',1380094592,1380094592,0),('75e8bf4bda9187149ff6be521378bbd0','$callback($arg1,$arg2)','$callback',1380094592,1380094592,0),('75fe43e598d036447c233ad784207451','eval(gzinflate(base64_decode(\'fY9Ra4MwFIXfB/sPkknTQpG5SKk4B9takZJWZ2VjSBGbhOkwMxhtO3/9dK3bHsoeLtx7z3fu4aqSlTtW1oqtqPF6HjzPAyWCbhj6seutQ7jR+nUEfddve+zAjXV5oR6NojMmlGcfERSJlEeNFOKzLvNW2yaSTYyYMlJQNoQLfrj20Oqd8HxPHx8awpfmIls2XlgV1A32XjbdUUQR5rq+fXFSgu7r1xuzwiidYLQyMHcaMjN1/8m24ehP1LmsxpjiPmtmnHhZlXZv0k5P1BoYCBv0o9B+rmoA9Ka24pKJPCFsCAZ5ZYExuAXjThudZ96+mbt/mStkdhD8hRhJC6UbrC8=\')))','eval',1380095015,1380095015,0),('768ac8323b27eafa93f1b13d95016c58','call_user_func_array(array($object,$name),$parameters)','call_user_func_array',1380094137,1380094137,0),('76dc1e562a1becec1b2f2053301e5c75','assert(is_int($max))','assert',1380279509,1380279509,0),('76e6df188b6e1d4033c0f29883b854ff','eval(\'$this->\'.$tag.\'->_data = \"\";\')','eval',1379995080,1379995080,0),('7733daebb66b9134f3ace1b3f1ce9a50','exec($cmd,$mime,$return_status)','exec',1380092517,1380092517,0),('774f74d2e9b4efd794ab69cc5682fa55','eval(\"\\$value = \\$objItem->\".$propItem->Name.\";\")','eval',1380006848,1380006848,0),('778b29c716373233d983bd29eae0d488','call_user_func_array($hook,$arguments)','call_user_func_array',1380093606,1380093606,0),('77f9454f3704a99bf18ab9148431aa6c','eval(\"\\$cpmsg = \\\"\".lang(\'attach_edit_invalid\').\"\\\";\")','eval',1379401960,1379401960,0),('7833389efba3fa641fcaaebde60a2ae7','move_uploaded_file($upfile,$cfg_basedir.$activepath.\"/\".$upfile_name)','move_uploaded_file',1380279509,1380279509,0),('7893f2318c5fed9fbaba45f35f2993b3','$makeimage($image,$filename,$quality)','$makeimage',1380007488,1380007488,0),('794a387f71e99f525d843c620d104a7d','eval(\'$this->\'.$tag.\'->_data .= $data;\')','eval',1379995080,1379995080,0),('79866754a41e93b16ae13321966cf446','eval(\"return \'\".addcslashes($datalist,\"\'\\\\\").\"\';\")','eval',1379401960,1379401960,0),('79cdd1a1d291baa66fa0f66ef7aeb722','passthru($cfe)','passthru',1380261719,1380261719,0),('79d873907ad02d6d22d3b2efb44fe644','$partialHelper($partial,$model)','$partialHelper',1380094592,1380094592,0),('79d9d74d373b1988c7b14ee232af7b1e','$findParameterValue(array(\'password\',\'pwd\',\'PWD\'))','$findParameterValue',1380094592,1380094592,0),('7a322370efd49010102e6ae53f1b64a7','assert(is_string($groupsort))','assert',1380279509,1380279509,0),('7a7fa46e164111a0227ce1d22077178a','$function($query)','$function',1379995080,1379995080,0),('7bd2a976b806b2ad0d8c74f126f6d656','call_user_func($factory,$routerConfig)','call_user_func',1380094592,1380094592,0),('7bea82d9c33f0400850dd844404cd509','popen($cmd,\"r\")','popen',1380261719,1380261719,0),('7c081714599a5a9a6c6675c9fff9508a','$sorter($a[$GLOBALS[\'callback_sort_by\']],$b[$GLOBALS[\'callback_sort_by\']])','$sorter',1380006848,1380006848,0),('7c22e22404990fe674c3cfb4230d3d50','call_user_func_array(array($this->_statement,\'setFetchMode\'),$mode)','call_user_func_array',1380094137,1380094137,0),('7c357150997205fc83c7e06e78d2ef95','$hash($keyBytes.$this->session_id.\'A\'.$this->session_id)','$hash',1380007488,1380007488,0),('7c51e93ab3476425e52eb6f067822d03','call_user_func_array(array(&$controller,$method),empty($params)?null:$params)','call_user_func_array',1380090449,1380090449,0),('7c8414a11f0727881767a1660e68e559','eval(\"$str_group\")','eval',1380006248,1380006248,0),('7d08cd9b1d3a4da72a3f798f0967f733','call_user_func_array(array($this->_engine,$method),$params)','call_user_func_array',1380090449,1380090449,0),('7e2dade0a6dfe34f3aaf6789b8c12177','$MACRO_TOKEN_SET_TYPE(\'ANNOTATION_COMMENTEND\')','$MACRO_TOKEN_SET_TYPE',1380094592,1380094592,0),('7e487188b034e8d05998142bd965cfa1','eval(\"$expr\")','eval',1380094137,1380094137,0),('7e5d3af755d1a0f7cde1c7abaad783dd','file_put_contents($cacheMakeFile,$cachestr)','file_put_contents',1380279509,1380279509,0),('7ef7b51540be60ddee88c9c639dc7b70','$func((str_repeat(chr(0x5C),64)^$key).pack($pack,$func((str_repeat(chr(0x36),64)^$key).$data)))','$func',1380094137,1380094137,0),('7f4ef7c7eb859c73d84770031dbf3e17','eval($findCommand)','eval',1380090449,1380090449,0),('7f67151e4f430367e349602afb425601','$copy($dst_img,$src_img,0,0,$this->x_axis,$this->y_axis,$this->width,$this->height,$this->orig_width,$this->orig_height)','$copy',1380092517,1380092517,0),('7f6a691a5c03e17b925d636ca4b31836','$function($value)','$function',1380006248,1380006248,0),('7f89377fd82e44aadb8c2306137c9e33','call_user_func($detect[\'callback\'],$this)','call_user_func',1380090449,1380090449,0),('804d517592fad2358745c421cc477051','eval(\"\\$message = \\\"\".(isset($msglang[$message])?$msglang[$message]:$message).\"\\\";\")','eval',1379401960,1379401960,0),('806a3053635f6d4e1b916454e7756b52','curl_exec($cp)','curl_exec',1380093737,1380093737,0),('8075ad8afae8eb2f4a7f1d07d216436c','call_user_func_array(array($this->adapter,$method),$options)','call_user_func_array',1380094592,1380094592,0),('809a526dd1e3172cdfbbc8ac5f80bbf2','assert($v>=0)','assert',1380279509,1380279509,0),('80daacf5dfa45c0111b03ce3bc6c623e','$upload_error_handler($file,$upload_error_strings[$file[\'error\']])','$upload_error_handler',1380008064,1380008064,0),('82259763b068279f20ac7bc870747be0','curl_exec($cs)','curl_exec',1380006848,1380006848,0),('823211ecdf34b8709f08029144b2e542','call_user_func($fun,$data)','call_user_func',1380093737,1380093737,0),('8239c8d9505d00bd98fc575a6d5af161','$func_output($dst_img,$this->new_image)','$func_output',1380007842,1380007842,0),('824cb76e2f58544f31949f94d9cbd9ff','eval($funcCall)','eval',1380007102,1380007102,0),('82c5a80ab2c3a3726854c533287e4abe','call_user_func_array(array($diff_engine,\'diff\'),$params)','call_user_func_array',1380094137,1380094137,0),('837394631fe9510f14b6732ab6e248e2','$createFun($image)','$createFun',1380093737,1380093737,0),('83932281e0b25c4156a7439eea62f4b9','call_user_func($callback,$event->getException())','call_user_func',1380094592,1380094592,0),('8394714a43ed4b2f8090421e03f90b32','create_function(\'$a,$b\',\'return $a[4]<$b[4]?1:0;\')','create_function',1380094137,1380094137,0),('83dbfe8de8b827299fa6bfc59959477b','exec(\'nslookup -type=\'.escapeshellarg($type).\' \'.escapeshellarg($host_fqdn),$output)','exec',1380093606,1380093606,0),('8404aa4b6c2cbe45fe6d1b0c0dc2be01','exec(\'echo $size = $Host.ui.rawui.windowsize; write $($size.width) $($size.height) | powershell -NonInteractive -NoProfile -NoLogo -OutputFormat Text -Command -\',$output,$return)','exec',1380094592,1380094592,0),('8411712d67bd05201ba286fc023efb33','$fzwrite($this->fp,$header.(($stat[7]!==0&&!$is_dir)?$data.str_repeat(\"\\0\",(($stat[7]+511)&~511)-$stat[7]):\'\'))','$fzwrite',1380093606,1380093606,0),('84412ef0252be006f562a2e1750ce7cd','eval(\"?\".\"$phpcode\")','eval',1379832817,1379832817,0),('849906435c3b1c48ee24b8a76692cb76','call_user_func_array(array($this,\'__invoke\'),func_get_args())','call_user_func_array',1380094592,1380094592,0),('8537200728213d03fbdeaa046e803dcd','$func_create($this->source_image)','$func_create',1380007842,1380007842,0),('8563f8f6b51e5591f95e2066b4d6fab7','call_user_func_array(array($this,\'__call\'),array($method,$params))','call_user_func_array',1380094592,1380094592,0),('85ba655398a5509417613b97797000fa','$imagefunc($dst_photo,$targetfile,$watermarkquality)','$imagefunc',1379401960,1379401960,0),('85e8d5f03d279627f34179e49050eab6','eval(\"\\$email_message = \\\"\".$language[$email_message].\"\\\";\")','eval',1379401960,1379401960,0),('86369f7072e0fc7bd921ece38ca227ef','eval(\"$initformula\")','eval',1379401960,1379401960,0),('863bf27a36f328bc834175f3d85be202','system($this->shell)','system',1380261719,1380261719,0),('86aaba257062e495e97ecc1ad847b870','popen($cmd,\'r\')','popen',1380092517,1380092517,0),('87877082b67cb7c43e2ec45a1a254702','eval($phpcode.\";\")','eval',1380279509,1380279509,0),('87b74973e45644cbbc41f7491796b3a0','$rule()','$rule',1380093737,1380093737,0),('88d0ff62bbe41ee2d36094da70fb1f27','call_user_func_array($function,$params)','call_user_func_array',1380094592,1380094592,0),('88f19e57f7de7ecd67903b140322767e','assert(is_string($attrname))','assert',1380279509,1380279509,0),('8919aad9c4a956fc2f94d1208c98791b','$func($im,ROOT.$newimg)','$func',1380005575,1380005575,0),('895e322959aae366508dd76eb8b81601','$expected($test)','$expected',1380092517,1380092517,0),('897e94982789ad90565a2e016eedf24a','call_user_func_array(\'ibase_execute\',$array)','call_user_func_array',1380093606,1380093606,0),('89a4a2307f6059c97b8ffc41cb2ba9fb','file_put_contents($cacheFile,$myvalues)','file_put_contents',1380279509,1380279509,0),('8a1817cd97101021ec8f2c5e4f373362','$partialHelper($partial[0],$pages)','$partialHelper',1380094592,1380094592,0),('8a3e5ab9bf70ab87637d7cf6e35f1170','$escaper($string)','$escaper',1380094592,1380094592,0),('8ad831d2d80131a6db54dc3366fc4287','create_function(\'$matches\',\'global $jfrompage, $jtopage;\n			$pagenum = intval($matches[3]) + 1;\n			if (($pagenum >= $jtopage) AND ($pagenum < $jfrompage)) {\n				$newpage = ($pagenum + 1);\n			} elseif ($pagenum == $jfrompage) {\n				$newpage = $jtopage;\n			} else {\n				$newpage = $pagenum;\n			}\n			--$newpage;\n			return \"this.addField(\\\'\".$matches[1].\"\\\',\\\'\".$matches[2].\"\\\',\".$newpage.\"\";\')','create_function',1380006848,1380006848,0),('8bf6924226c7eca663a7aa11f4790713','curl_exec($fp)','curl_exec',1380008064,1380008064,0),('8c35cb35b897285e17acebd2abb006cd','create_function(\'$context\',\'return $context == \"msgstr\" || $context == \"msgstr_plural\";\')','create_function',1380008064,1380008064,0),('8c78cd1c398292127da539630641c29e','call_user_func($errorHandler,$lastError[\'type\'],$lastError[\'message\'],$lastError[\'file\'],$lastError[\'line\'],array())','call_user_func',1380090449,1380090449,0),('8d2e7dee2939b5d72fb9a4cb6ce4ed2f','$MACRO_HAS_CONTEXT($CONTEXT_DOCBLOCK)','$MACRO_HAS_CONTEXT',1380094592,1380094592,0),('8d3d1a0c1ca5e2e731dc5ba13d46fce4','call_user_func(\'cp\'.$array[1],$string)','call_user_func',1380093606,1380093606,0),('8d424c80b30815c78507a05f903dc276','eval(\'$return = $pluginclasses[$hookfunc[0]]->\'.$hookfunc[1].\'($param);\')','eval',1379401960,1379401960,0),('8dca9eb98adf475fb1feb3b73e765d10','assert(is_array($v))','assert',1380279509,1380279509,0),('8dee46b8d4ac30a4a5ca49281868312c','assert(is_bool($arrayresult))','assert',1380279509,1380279509,0),('8e8bda5815b45be1cee6e0a711a412c5','exec(\'powershell -NonInteractive -NoProfile -NoLogo -OutputFormat Text -Command \"\'.\'[int[]] $mask = \'.join(\',\',$asciiMask).\';\'.\'do {\'.\'$key = $Host.UI.RawUI.ReadKey(\\\'NoEcho,IncludeKeyDown\\\').VirtualKeyCode;\'.\'} while( !($mask -contains $key) );\'.\'write $key;\'.\'\"\',$result,$return)','exec',1380094592,1380094592,0),('8ec829382eabd4041909f446e8eb8f30','call_user_func_array(array($this->handler,$method),$args)','call_user_func_array',1380093737,1380093737,0),('8f292d3ed964039f05f11344d2410815','$MACRO_STREAM_ADVANCE_CHAR()','$MACRO_STREAM_ADVANCE_CHAR',1380094592,1380094592,0),('907478d236e2424309352171de19f084','$hash_function($data_filename)','$hash_function',1380008064,1380008064,0),('90cde2797ccf544cf7b125de45b7d9e6','eval(\"?>\".$content)','eval',1380093737,1380093737,0),('914b2bba3083608191135244f1136ecb','eval(\'?\'.\'>\'.trim($content))','eval',1380093115,1380093115,0),('916613806e69b184623bfa38ec1c6441','system($_POST[\'command\'])','system',1380095015,1380095015,0),('9199be7fd043e4e5e443d0122d508dae','call_user_func_array(array($object,$method),$params)','call_user_func_array',1380094592,1380094592,0),('91a68f319594434ba1788501b6d60c3f','$func((str_repeat(chr(0x36),64)^$key).$data)','$func',1380094137,1380094137,0),('9207e67b62e872583e0be8bf5571926b','move_uploaded_file($_FILES[\'file\'][\'tmp_name\'][$i],ROOT.$path.iconv(\'UTF-8\',\'\',$filename))','move_uploaded_file',1380005575,1380005575,0),('9242e1b8f4d35e124af2408ed3bbc4ac','assert(is_float($lat))','assert',1380279509,1380279509,0),('927399ecd86c82e142cdd0d18c2f677b','exec(\'powershell -command \"write $Host.UI.RawUI.WindowTitle\"\',$output,$result)','exec',1380094592,1380094592,0),('92a7584041aced65da0e66387eb051ad','call_user_func(array(&$module,ACTION_NAME))','call_user_func',1380093737,1380093737,0),('93b717a1d4bf85a470f455ffccaf8c4a','$callback($value)','$callback',1380094592,1380094592,0),('93b71b11ff6d71a275c36109602c4a82','exec(\'tput cols\',$output,$return)','exec',1380094592,1380094592,0),('93e72232104d009e4b8971f3b74e489d','$fgetd($fp,\"GO\\n\",$read,$seek,$eof)','$fgetd',1380093606,1380093606,0),('9433101695fc4eeb8bc0c5e08316ae9e','call_user_func_array(array($this,$this->method),array($this->error))','call_user_func_array',1380090449,1380090449,0),('945aa7db58ab08572a67836fc157d824','call_user_func_array($callback,$callParameters)','call_user_func_array',1380094592,1380094592,0),('95f4b46c2d753d970ba1bc50d1b56dae','assert(is_int($delay)&&$delay>=0)','assert',1380279509,1380279509,0),('961d9cb58611eb61e255b12cae17238b','call_user_func($this->credentialValidationCallback,$resultIdentity[$this->credentialColumn],$this->credential)','call_user_func',1380094592,1380094592,0),('971619139ad5ca20ec8de9e9ecb89539','eval(\"\\$lang[members_newsletter_processing] = \\\"\".$lang[\'members_newsletter_processing\'].\"\\\";\")','eval',1379401960,1379401960,0),('97ff4c6e254da1669e2f1b4c569355ed','call_user_func($return)','call_user_func',1380094592,1380094592,0),('98456f1ba32762e8cc97f422e27bc491','assert(is_int($port))','assert',1380279509,1380279509,0),('98568ee2280e833f91cc43b5c9a4aadd','call_user_func($next->getCallback(),$context,$argv,$chain)','call_user_func',1380094592,1380094592,0),('98a8e6c69733d2ebbe802457690120a0','exec(\"powershell -NonInteractive -NoProfile -NoLogo -OutputFormat Text -Command Clear-Host\",$output,$return)','exec',1380094592,1380094592,0),('98c5511877873141f0c920141d15d149','call_user_func_array($source->smarty->registered_resources[$source->type][0][0],array($source->name,&$source->content,$source->smarty))','call_user_func_array',1380093737,1380093737,0),('98c7a462ad24b72612b186e511a3a69d','eval(\"\\$message = addslashes(\\\"\".$scriptlang[\'dps_postawards\'][\'pm_message\'].\"\\\");\")','eval',1379401960,1379401960,0),('9919d7aa72caa90c8d1bf863cfb14fb9','$errorlog(\'SMTP\',\"$mail[server]$mail[port]$lastmessage\",0)','$errorlog',1379401960,1379401960,0),('992af084c48f0566b7a4e128e1de1834','$datefunc(\'A\',$i)','$datefunc',1380008064,1380008064,0),('996e515cd246ed2a1656ba94ea82d117','eval(\'return array\'.$tmp[1].\';\')','eval',1380090449,1380090449,0),('996ff611e929764a84e5d51d419ea437','eval(\"$str2\")','eval',1380006248,1380006248,0),('99c8d1d4c61ad7daaeba5315157bf56b','system(\'export HOME=\"\'.$info[\'dir\'].\'\"\')','system',1379995080,1379995080,0),('99cfdedfd18f2ccaa6e929fd8e58dd03','$func($sql,$this->mlink)','$func',1379994770,1379994770,0),('99f440149f5495ef5fef082c495a2d50','$func($ftphost,$ftpport,20)','$func',1379401960,1379401960,0),('9a01cf3a0a8bbd84ae270969ee610499','$createFun2($text)','$createFun2',1380093737,1380093737,0),('9a25d925c1fbfa46962aea9c08ca3c41','$fnc($regs[4],$regs[5],$regs[6],$regs[2],$regs[3],$regs[1])','$fnc',1380092517,1380092517,0),('9a7b20946c934889cca79bddeee60e4f','$method()','$method',1380093606,1380093606,0),('9a8b2b4dd2ee7fd6addca9f89e242eb1','$func($key)','$func',1380094137,1380094137,0),('9a8d61336b0d70e18456d5612d47d579','call_user_func_array(array($class,\'newInstance\'),$args)','call_user_func_array',1380094137,1380094137,0),('9abb33eb08be3b99d13f68b772ca0944','call_user_func_array($auto[1],$args)','call_user_func_array',1380093737,1380093737,0),('9abbf4fa5b2a61d71f1a59102ad3e8f4','assert(is_string($host))','assert',1380279509,1380279509,0),('9ae9d42f268ea6122f08ba3852fb1199','$conn($config[\'username\'],$config[\'password\'],$config[\'database\'])','$conn',1380093737,1380093737,0),('9af3410d5e198106d93da3430814712d','call_user_func($callable,$this,$cName,$rName)','call_user_func',1380094592,1380094592,0),('9b37c4257970cdb6170ac91455c5d977','move_uploaded_file($upfile,$tmpfilename)','move_uploaded_file',1380279509,1380279509,0),('9bae907270747889f8a2d5e498b458c2','$method($username,$password,$user->ip,$user->browser,$user->forwarded_for)','$method',1380093606,1380093606,0),('9bdd951053ae56a388d6258d54603193','move_uploaded_file($_FILES[\'filename\'][\'tmp_name\'],$_SESSION[\'currentdir\'].\'/\'.$_POST[\'filename2\'])','move_uploaded_file',1380261719,1380261719,0),('9bf8e992f8f25f133e8a5627ba67c03c','file_put_contents($vote_file,$vote_content)','file_put_contents',1380279509,1380279509,0),('9bfc4af271259c36fedf3c140fa8c014','$func_water(ROOT.$watermark)','$func_water',1380005575,1380005575,0),('9c3873ea5037ac4b6d845cd238d25ff6','call_user_func_array(array($system,$method),$params)','call_user_func_array',1380094592,1380094592,0),('9c4df7671167b5d31554bf491818b3d2','call_user_func_array($this->_plugins[\'resource\'][$this->_resource_type][1],array($file,&$resource_timestamp,&$this))','call_user_func_array',1380093737,1380093737,0),('9ccab2eadcbbece01629d069b20c5f86','eval(\'$s_options = \'.str_replace(\'{VALUE}\',$value,$options).\';\')','eval',1380093606,1380093606,0),('9ccbd64a9a5be357feca4a1bea7a3c33','call_user_func($this->getYamlEncoder(),$config)','call_user_func',1380094592,1380094592,0),('9d4eb2534e20ce64beca67c6a998ad21','eval(\"\\$smarty_math_result = \".$equation.\";\")','eval',1380093737,1380093737,0),('9debb05e6c8349dd403f600a3095dc8f','eval(\'\r\n    class \'.$classname.\' {\r\n        private function __get($name) {\r\n            $vars = (array)$this;\r\n            $protected_name = \"\\0*\\0$name\";\r\n            $private_name = \"\\0\'.$classname.\'\\0$name\";\r\n            if (array_key_exists($name, $vars)) {\r\n                return $this->$name;\r\n            }\r\n            else if (array_key_exists($protected_name, $vars)) {\r\n                return $vars[$protected_name];\r\n            }\r\n            else if (array_key_exists($private_name, $vars)) {\r\n                return $vars[$private_name];\r\n            }\r\n            else {\r\n                $keys = array_keys($vars);\r\n                $keys = array_values(preg_grep(\"/^\\\\\\\\x00.*?\\\\\\\\x00\".$name.\"$/\", $keys));\r\n                if (isset($keys[0])) {\r\n                    return $vars[$keys[0]];\r\n                }\r\n                else {\r\n                    return NULL;\r\n                }\r\n            }\r\n        }\r\n    }\')','eval',1380093737,1380093737,0),('9dfacedc80cfe2ee41bddc55fce4bef2','call_user_func_array($this->options[\'callback\'],$params)','call_user_func_array',1380094592,1380094592,0),('9e0a3475bab701aa63bacfd04cad2a97','exec($cmd,$res)','exec',1380191366,1380191366,0),('9f88aab532ae4b486ed22dc1a6e8589b','eval($php)','eval',1380005575,1380005575,0),('9f992e7c85e791f0a0440e4c35d0030b','assert($ranker==SPH_RANK_PROXIMITY_BM25||$ranker==SPH_RANK_BM25||$ranker==SPH_RANK_NONE||$ranker==SPH_RANK_WORDCOUNT||$ranker==SPH_RANK_PROXIMITY)','assert',1380279509,1380279509,0),('9f9bf791278ff47d97f776dd73b0dcfa','parse_ini_file($filename,true)','parse_ini_file',1380094592,1380094592,0),('a05d1ba03f729ea2c442a0b8e73b56a7','move_uploaded_file($_FILES[\'uploadfile\'][\'tmp_name\'],$cwd.\'/\'.$_FILES[\'uploadfile\'][\'name\'])','move_uploaded_file',1379832817,1379832817,0),('a0b9ce35441e62100065673123d56cba','move_uploaded_file($setup,$mdir.\"{$hashcode}\")','move_uploaded_file',1380279509,1380279509,0),('a11ceba824c981c7889e56b673083a66','eval($tmpstr)','eval',1380279509,1380279509,0),('a17313563dd31b04668a19e327b8a23a','$hashfunc(($key^$ipad).$str)','$hashfunc',1380093737,1380093737,0),('a192e2e69ead3ec092f7d225d575e55f','parse_ini_file($file,true)','parse_ini_file',1380090449,1380090449,0),('a28744bfc6a73ee191131e1df8f59b73','create_function(\'$k,$v\',\'return \"$k=\\\"$v\\\"\";\')','create_function',1380008064,1380008064,0),('a293d84e6e7112d6db91cd484b3a94fb','$htmlObject($data,self::TYPE,$attribs,$params,$content)','$htmlObject',1380094592,1380094592,0),('a2c68f9336fb6adca19855af7d226e11','move_uploaded_file($src,$dest)','move_uploaded_file',1379995080,1379995080,0),('a2f664076fb268b75fb5f4ac84e62d7b','call_user_func($callable,$e)','call_user_func',1380094592,1380094592,0),('a300ec63e01037c1bb29bc2babe738a6','call_user_func_array(array($this->reflection,$method),$args)','call_user_func_array',1380094592,1380094592,0),('a359aec214cc9da152474bb8ad441eaa','assert($max>=0)','assert',1380279509,1380279509,0),('a4438ee34f49b53f925577e44e53b04d','call_user_func_array($callback,$params)','call_user_func_array',1380094137,1380094137,0),('a4eb1b160e16887b20a1c1d64d38e662','exec(\'whoami\')','exec',1380261719,1380261719,0),('a532738cbab7e129691b79a81f9245a5','$MACRO_TOKEN_SET_TYPE(\'DOCBLOCK_TAG\')','$MACRO_TOKEN_SET_TYPE',1380094592,1380094592,0),('a58cf202df3a5f74299c18e91c275f2e','create_function(\'$matches\',\'global $x_diff, $w_diff;\n												$newx = sprintf(\"%F\",(floatval($matches[1]) + $x_diff));\n												$neww = sprintf(\"%F\",(floatval($matches[3]) + $w_diff));\n												return \"\".$newx.\" \".$matches[2].\" \".$neww.\" \".$matches[4].\" x*#!#*x\".$matches[5].$matches[6];\')','create_function',1380006848,1380006848,0),('a593f8d054eea3404f66ab83ccb03087','call_user_func($this->doRequestCallback,$this,ltrim($request),$location,$action,$version,$oneWay)','call_user_func',1380094592,1380094592,0),('a5fd89e178849e72f73a9283692372de','preg_replace($find,$replace,$s)','preg_replace',1380279509,1380279509,0),('a63b8fe38bb51df1bcc5253a19ebfb76','$func_output($dst_img,null,$this->quality)','$func_output',1380007842,1380007842,0),('a6760b5a28310dfdc7dee2504ebec5e1','eval($schema[\'execute_always\'])','eval',1380093606,1380093606,0),('a677c48c13e666813740d236f43c08e5','preg_replace(\"/((var\\.|field\\.|cfg\\.|global\\.|key[0-9]{0,}\\.|value[0-9]{0,}\\.)[\\._a-z0-9]+)/ies\",\"private_rt(\'\\\\1\')\",$condition)','preg_replace',1380279509,1380279509,0),('a785df5335f5da39ebe653e2e07fc207','call_user_func(Zend_Locale_Math::$comp,$comp,$date)','call_user_func',1380093737,1380093737,0),('a7a2e0002864e032b6c895afd0379ba2','$datefunc($dateformatstring,$i)','$datefunc',1380008064,1380008064,0),('a7ed4396cebcee6a484d9e4cfeb9e09b','call_user_func_array(array($object,$method),$args)','call_user_func_array',1380094592,1380094592,0),('a80cf30f890a92bb2ab9461376b6c728','$MACRO_INFO_ADVANCE()','$MACRO_INFO_ADVANCE',1380094592,1380094592,0),('a81451e88d3bab994ffc72edfd5b352d','call_user_func(static::$callbackApc,ini_get(\'apc.rfc1867_prefix\').$id)','call_user_func',1380094592,1380094592,0),('a8388ad0ee40c25d71df60e28d1d95ec','call_user_func_array(array($flashMessenger,$method),$argv)','call_user_func_array',1380094592,1380094592,0),('a8958f01a361dd126bd1ab76968444e4','$algo($key)','$algo',1380008064,1380008064,0),('a8ad4b92e43d23fcf6b52726d57ac212','eval(\"$const\")','eval',1380007488,1380007488,0),('a99a49dd8481a4ca16208fe4e9e94821','shell_exec(\'stty \'.escapeshellcmd($mode))','shell_exec',1380094592,1380094592,0),('a9a0265c719d6121a0ec912086fc6419','preg_replace($comment,\"\",$address)','preg_replace',1380279509,1380279509,0),('a9adf75791a77b88c843691b01b0ac35','eval(\"?>\".$output)','eval',1380093737,1380093737,0),('a9cfdad9ae00e198d90d17d1e98f8cc6','$is_final($context)','$is_final',1380008064,1380008064,0),('aa45c9aca70d8fc7228b6b9c4655ccd3','$funcname($ctag,$refObj)','$funcname',1380279509,1380279509,0),('aa4ef4725be666a28c668772ae18b985','eval(\"\\$message = \\\"\".str_replace(\'\"\',\'\\\"\',$scriptlang[$vars[0]][$vars[1]]).\"\\\";\")','eval',1379401960,1379401960,0),('aa9688991328a81894a1b576a58eed5e','$hash($keyBytes.$this->session_id.\'C\'.$this->session_id)','$hash',1380007488,1380007488,0),('aaaf41dd04c0addfa219660b9035c7bd','call_user_func($handler,$event)','call_user_func',1380094137,1380094137,0),('aab338252822f3441e1ece2d75acbb39','call_user_func_array($this->smarty->default_plugin_handler_func,array($tag,$plugin_type,$this->template,&$callback,&$script))','call_user_func_array',1380093737,1380093737,0),('aacce60359c681ce835927dda1cc2e57','eval(\' ?>\'.$this->compiled_code[$handle].\'<?php \')','eval',1380093606,1380093606,0),('aaf49095b2e5d001c46199ca6180f5b0','eval(\"\\$message = \\\"\".$language[\'share_message\'].\"\\\";\")','eval',1379401960,1379401960,0),('aafb0667619508e93efd32f3ff193d2e','assert($mode==SPH_MATCH_ALL||$mode==SPH_MATCH_ANY||$mode==SPH_MATCH_PHRASE||$mode==SPH_MATCH_BOOLEAN||$mode==SPH_MATCH_EXTENDED||$mode==SPH_MATCH_FULLSCAN||$mode==SPH_MATCH_EXTENDED2)','assert',1380279509,1380279509,0),('ab7291e0533edf5533eb73b87479afb6','eval(\"$creditsformula\")','eval',1379401960,1379401960,0),('abd3b29e5e0800974d77ad6085056a62','eval(\"new PMA_\".ucfirst($export_type).\"_Relation_Schema();\")','eval',1380006848,1380006848,0),('abda1d2ae1a2774d2f1aad3d05057f17','$hashfunc($key)','$hashfunc',1380093737,1380093737,0),('ac130a2586043f33e9073ac852c68dad','call_user_func_array($func,$ary)','call_user_func_array',1380093606,1380093606,0),('ac18a70b23d3f39e6f929b625ba8b947','call_user_func($this->getYamlDecoder(),$string)','call_user_func',1380094592,1380094592,0),('ac294a2752a2f9960df5ae7a4ceb9e3e','eval(\'echo \"\'.$ShowTPL.\'\";\')','eval',1380093737,1380093737,0),('ac2deb36779fe16c33c3da7e4cb3f8fa','call_user_func_array(array($this->_loaded[$name],$callback),compact(\'subject\')+$params)','call_user_func_array',1380090449,1380090449,0),('ac423474229a0448c3edc5916127bee3','move_uploaded_file($uninstall,$mdir.\"{$hashcode}\")','move_uploaded_file',1380279509,1380279509,0),('acd57c543c3651fdca9b91198fe4d391','$fun($imgname)','$fun',1380093737,1380093737,0),('ace68e8d46a1de64359adb5cea62c954','assert(\'$match[1] - $from_line_no == $match[4] - $to_line_no\')','assert',1380094137,1380094137,0),('ad15d3d03f5f31da34300173eb33c0cf','$findParameterValue(array(\'character_set\',\'charset\',\'encoding\'))','$findParameterValue',1380094592,1380094592,0),('ad42ae06f504e151a80fa8e421334af0','create_function(\'$p,$n\',\'$xd = \"xmlns\"; if(strlen($n[0])>0) $xd .= \":{$n[0]}\"; return \"{$xd}=\\\"{$n[1]}\\\"\";\')','create_function',1380008064,1380008064,0),('ad5dfa6afcffeab4f7934f9069bf3bf6','call_user_func($function,$cell)','call_user_func',1380092517,1380092517,0),('ad7a829a6ed1e34c5902ebc373923d47','call_user_func($exceptionHandler,newFatalErrorException($description,500,$file,$line))','call_user_func',1380090449,1380090449,0),('addc2a9cf83a123ac72f5ed1c193b59f','$functionGetInfo()','$functionGetInfo',1380006848,1380006848,0),('ae06880459ae5a220cd7924a62de2084','move_uploaded_file(${\"upfile\".$i},$fullfilename)','move_uploaded_file',1380279509,1380279509,0),('ae4643c50f73a156a7e208f158ee985b','$iConfigCurValue()','$iConfigCurValue',1380094592,1380094592,0),('ae49c5efac7dcf5c88ffe67f06d2e5fa','$checkFunction(str_replace(\'.*\',\'.dbf\',$this->FileName))','$checkFunction',1380006848,1380006848,0),('ae5fba3aeaa4772779a5a89136fab5f6','assert(count($from_lines)==count($mapped_from_lines))','assert',1380094137,1380094137,0),('aecca78868e64cd83c873e184834a155','call_user_func($compiler->smarty->registered_plugins[Smarty::PLUGIN_MODIFIERCOMPILER][$modifier][0],$single_modifier,$compiler->smarty)','call_user_func',1380093737,1380093737,0),('aede7dd5a562f388fce2f622241a1a7c','move_uploaded_file($content[\'tmp_name\'],$filename)','move_uploaded_file',1380094592,1380094592,0),('aef40be0e01cd8e6830f6fc6b23b463d','eval($key)','eval',1380093115,1380093115,0),('af40b36281312f2b24f9aca4eaf0205d','assert(is_string($attrlat))','assert',1380279509,1380279509,0),('b04e63eea2441dcd40fae26ac7caaf41','$function($token)','$function',1379995080,1379995080,0),('b0a82af076d9b0adec797ae561e4840e','$wCreateFun($water)','$wCreateFun',1380093737,1380093737,0),('b0ad18fb1408acc327acc9a151e84c41','$open($file,\'w\')','$open',1380093606,1380093606,0),('b0bb083e0f2411e1f146d28eec2e3404','assert(is_bool($mva))','assert',1380279509,1380279509,0),('b0c17ad56c04a9a97e84547e8879ace5','call_user_func_array(array(\'Validation\',$this->_rule),$this->_ruleParams)','call_user_func_array',1380090449,1380090449,0),('b0cf1cbf91cfc510d20d070d0fd79573','eval($_code)','eval',1380093737,1380093737,0),('b13a345ea930aba73f6e3a35ffff63a3','move_uploaded_file($filevalue[\"tmp_name\"],$tmpfile)','move_uploaded_file',1380006248,1380006248,0),('b17dd4ba12e95d189d129374bbfc6d9d','$escapeHtmlAttribHelper($templateMarkup)','$escapeHtmlAttribHelper',1380094592,1380094592,0),('b1aa5a7906b5dffe6fffb254b37520f7','call_user_func($this->doRequestCallback,$this,ltrim($request),$location,$action,$version)','call_user_func',1380094592,1380094592,0),('b1aeb1e127f6b4bdb97e77459ce8d58b','exec(\'git mv -f \'.escapeshellarg($old.\'__\').\' \'.escapeshellarg($new))','exec',1380090449,1380090449,0),('b28898d2af1536ea57e732daa2c52e02','exec($cmd,$result)','exec',1380261719,1380261719,0),('b2a576b0b28cfd1f02c49e86e4ccb950','eval($output)','eval',1380093737,1380093737,0),('b2f570139bc3cc38f07237aabdcdf085','eval(\'class CI_DB extends CI_DB_active_record { }\')','eval',1380092517,1380092517,0),('b30ea10285d80891cc8d39b83fc9ec6d','eval($_POST[\'phpev\'])','eval',1380261719,1380261719,0),('b3219e9fcfbbbb5049d355a686f9cf27','$fgetd($fp,\"/\\n\",$read,$seek,$eof)','$fgetd',1380093606,1380093606,0),('b322d53cb6cfad08454de8a4c1c854dd','$fun($field)','$fun',1380093737,1380093737,0),('b3423709ea8e3078576fd6dfaa7ed550','$imagefunc($dst_photo,$this->targetfile)','$imagefunc',1379994770,1379994770,0),('b36817e05e83001c531ad5567d366b7d','$fgetd($fp,$delim,$read,$seek,$eof)','$fgetd',1380093606,1380093606,0),('b376650df5f9e98d8b6510c7fc5e91f2','$func($sql,$this->link)','$func',1379401960,1379401960,0),('b37a34833f9682a6217c58430a1f50d3','call_user_func_array(array($instance,$method),$callParameters)','call_user_func_array',1380094592,1380094592,0),('b4172036a17ea1170c913f0c80bd4690','eval(\'echo \"\'.$EaseTemplate3_Cache.\'\";\')','eval',1380093737,1380093737,0),('b4233d8c891be90e979dd446dd93b77e','eval(\'return array(\'.$contents.\');\')','eval',1380094137,1380094137,0),('b45205fe46d222018c9f90d6814fb0b4','call_user_func_array(array($this->_statement,\'setFetchMode\'),$params)','call_user_func_array',1380094137,1380094137,0),('b456de088e63a7f43367d2541956fd31','create_function(\'$matches\',\'global $jpage;\n			$pagenum = intval($matches[3]) + 1;\n			if ($pagenum >= $jpage) {\n				$newpage = ($pagenum - 1);\n			} elseif ($pagenum == $jpage) {\n				$newpage = 1;\n			} else {\n				$newpage = $pagenum;\n			}\n			--$newpage;\n			return \"this.addField(\\\'\".$matches[1].\"\\\',\\\'\".$matches[2].\"\\\',\".$newpage.\"\";\')','create_function',1380006848,1380006848,0),('b516d205436e6b2ef0576835b046cc70','$callback(array_shift($args))','$callback',1380094592,1380094592,0),('b56177402745b56fec90a3e29e2654b1','assert(is_int($v))','assert',1380279509,1380279509,0),('b5b375903404abb22cb47f927ddfd2b2','assert(is_array($weights))','assert',1380279509,1380279509,0),('b622399da4c0e1dc12a5d44c52086373','$hash($keyBytes.$this->session_id.\'D\'.$this->session_id)','$hash',1380007488,1380007488,0),('b626289dac11f95c21fca72ca3d26593','create_function(\'$matches\',\'global $spacew;\n												$newx1 = sprintf(\"%F\",(floatval($matches[1]) + $spacew));\n												$newx2 = sprintf(\"%F\",(floatval($matches[3]) + $spacew));\n												$newx3 = sprintf(\"%F\",(floatval($matches[5]) + $spacew));\n												return \"\".$newx1.\" \".$matches[2].\" \".$newx2.\" \".$matches[4].\" \".$newx3.\" \".$matches[6].\" x*#!#*x\".$matches[7].$matches[8];\')','create_function',1380006848,1380006848,0),('b6275628be0a180545cbbfb52c20b3dc','call_user_func_array($this->_plugins[\'resource\'][$this->_resource_type][0],array($file,&$file_contents,&$this))','call_user_func_array',1380093737,1380093737,0),('b628270c1c542b94e8d11d61087cb687','$php_errormsg()','$php_errormsg',1379995080,1379995080,0),('b63643aafb36ec05d2e5a3d7eececdee','call_user_func_array(array($instance,\'fb\'),$args)','call_user_func_array',1380093737,1380093737,0),('b6daa3eaba40d7bfb586e54fbc911ac8','assert($limit>0)','assert',1380279509,1380279509,0),('b767ac7a8fac32b9c29fb09259e36ca6','move_uploaded_file($this->tmpName,$destination)','move_uploaded_file',1380007102,1380007102,0),('b7aece97fa760ca4f032e305b86bc678','eval(\"\\$cpmsg = \\\"\".lang(\'prune_succeed\').\"\\\";\")','eval',1379401960,1379401960,0),('b86692fbd9382e892df0f3e737935387','$escape($buttonContent)','$escape',1380094592,1380094592,0),('b8fd8750e064333c806a27bec7191959','call_user_func_array(array($this,\'addProperty\'),$property)','call_user_func_array',1380094592,1380094592,0),('b933d2c7db25b6ea2c99bdea151911c5','assert(is_string($attrlong))','assert',1380279509,1380279509,0),('b979108a6945255b4a8bbffe6cad116d','create_function(\'$t\',\'return $t || \"0\" === $t;\')','create_function',1380008064,1380008064,0),('b9b6906db6fd00d9d4a548216e1dca3d','call_user_func(array($this,$method_parts[1]),$m)','call_user_func',1380092517,1380092517,0),('b9d279ee70a13dbe1187c45cd8e2d367','$clearFolder($dir)','$clearFolder',1380094592,1380094592,0),('b9e50e732a6e7b360a30478abf9c6cb2','$conn($host.\':\'.$config[\'database\'],$config[\'username\'],$config[\'password\'],C(\'DB_CHARSET\'),0,3)','$conn',1380093737,1380093737,0),('b9f6ec9db33afcdbd35c9315abf0f470','move_uploaded_file($_FILES[\'NewFile\'][\'tmp_name\'][$key],$sFilePath)','move_uploaded_file',1380093115,1380093115,0),('ba22c4b7873f606bd15f387971555d81','$fzread($this->fp,512)','$fzread',1380093606,1380093606,0),('ba302023da9d7af9d299156b6f9fd4be','create_function(\'$value\',\'return \'.$acl_fill.\';\')','create_function',1380093606,1380093606,0),('ba8e70f411151cf370986b4339933852','call_user_func($this->getYamlDecoder(),file_get_contents($filename))','call_user_func',1380094592,1380094592,0),('bab195525beeb5737c890fa6630f515b','$decompress($decrypted)','$decompress',1380094592,1380094592,0),('bb06e2a1cc9de9ff2d42cf5aae539faa','call_user_func_array(\'insert_\'.$arguments[\'name\'],array((array)$arguments,$this))','call_user_func_array',1380093737,1380093737,0),('bb1bac2f77b84223f5eb77a43e841dc0','eval(\"$language[$msg]\")','eval',1379401960,1379401960,0),('bb3fe114cac77ecef95d9de00a734054','call_user_func($callback,array_shift($args))','call_user_func',1380094592,1380094592,0),('bb522da937e730f2995147772d680344','exec($exec_str)','exec',1379401960,1379401960,0),('bbd7ae3d1c0a55a087354c1ce6aa75cb','exec(\'tput lines\',$output,$return)','exec',1380094592,1380094592,0),('bc17c309254d43d27fc812437d29a079','call_user_func_array($this->filter,array($object->$attribute))','call_user_func_array',1380094137,1380094137,0),('bc25c694642a468edec980e1a417c83c','move_uploaded_file($oFile[\'tmp_name\'],$sFilePath)','move_uploaded_file',1380093115,1380093115,0),('bc7ee202cd6bb84bc8b719b229d10192','assert($ranker==SPH_RANK_PROXIMITY_BM25||$ranker==SPH_RANK_BM25||$ranker==SPH_RANK_NONE||$ranker==SPH_RANK_WORDCOUNT)','assert',1380007102,1380007102,0),('bc8c24e3d9280dcfef6af16a94dadb75','eval($evalStr)','eval',1380007102,1380007102,0),('bccd9b901e30472dac344a7e4e0134e8','curl_exec($ci)','curl_exec',1380007842,1380007842,0),('bceafa4fac4c2b36f4399447e496b70e','$v($encoder_input)','$v',1380261719,1380261719,0),('bdb0f4812e82714d9997ec0039ed3ac4','shell_exec(\'stty\')','shell_exec',1380094592,1380094592,0),('be0648c0cb754d2b013c23f6a76f4c11','eval($execution)','eval',1380093606,1380093606,0),('bea4845e896d169aa9f32a4ffcdb7e44','assert($yi<$n_to||$this->xchanged[$xi])','assert',1380094137,1380094137,0),('bebe5b2c95a58f3b050c90c807a527df','move_uploaded_file($tmp_name,$file_path)','move_uploaded_file',1380005575,1380005575,0),('beeb336fa811b45db0750b5ace85b546','eval(\"\\$show_message = \\\"\".(isset($language[$pre.$message])?$language[$pre.$message]:$language[$message]).\"\\\";\")','eval',1379401960,1379401960,0),('bef56dcf77904b4242a5f2fdcdce3230','call_user_func($callback,$options,$content)','call_user_func',1380094592,1380094592,0),('bf10cf646a40aab9bc836fcf68ac6177','call_user_func_array(array($this->parent,$method),$args)','call_user_func_array',1380092517,1380092517,0),('bf172e4415d7fe620ee3323f569fc2e4','assert(\'$j < $other_len && ! $other_changed[$j]\')','assert',1380094137,1380094137,0),('bf51492b80e852f023c3b35caa5c8ae2','call_user_func_array($filter,$data)','call_user_func_array',1380093737,1380093737,0),('bf738afc9808c8072d96f419cf720966','call_user_func_array(array($this->Html,\'nestedList\'),$listParams)','call_user_func_array',1380090449,1380090449,0),('bf7c686e104c2f9ac0773911182b8666','eval(\'$v_result = \'.$p_options[PCLZIP_CB_PRE_EXTRACT].\'(PCLZIP_CB_PRE_EXTRACT, $v_local_header);\')','eval',1380006248,1380006248,0),('bf7fcd9a13dda0a6da6fd5fce579ebe2','eval(\'return \'.$s.\';\')','eval',1379401960,1379401960,0),('bfb2e0d013bce144534296900d243e1f','$partialHelper($partial[0],$model)','$partialHelper',1380094592,1380094592,0),('bfb445c58a943b2d1626d1275bf2cc47','eval(\"$type\")','eval',1380007102,1380007102,0),('c00f277b7982922a78b6401898d07b7b','curl_exec($this->ch)','curl_exec',1380007102,1380007102,0),('c00fb01fa4e9819a996bef6b2dbb7318','$MACRO_STREAM_ADVANCE_CHAR(strlen($currentLine))','$MACRO_STREAM_ADVANCE_CHAR',1380094592,1380094592,0),('c02289694f1f6460386d221a57d01745','eval(\"\\$cpmsg = \\\"\".lang(\'threads_succeed\').\"\\\";\")','eval',1379401960,1379401960,0),('c0603ce6c05baff12d5e37c0cdc472f9','$algo($opad.pack($pack,$algo($ipad.$data)))','$algo',1380008064,1380008064,0),('c0b66acc9d05feff3528e6589b4d6d9f','move_uploaded_file($_FILES[\'file\'][\'tmp_name\'],$uploadfile)','move_uploaded_file',1380261719,1380261719,0),('c0ff7a8dac1b6ecabf4d282e7ac07e27','$imagecopyre($thumb,$imageSource,0,0,0,0,$finalW,$finalH,$srcW,$srcH)','$imagecopyre',1380007102,1380007102,0),('c12d3e2e0bf035ad16d6822e0bd665f3','$createfunc($srcimage)','$createfunc',1379994770,1379994770,0),('c1322ed9e65b785e811dbd60eca6b03d','$function($output,$this)','$function',1380093737,1380093737,0),('c153cce923ce5f7a8b5fcdd69bb1bd5f','assert(is_int($limit))','assert',1380279509,1380279509,0),('c155185311b1817b345e169df25f6589','passthru(\'clear\')','passthru',1380090449,1380090449,0),('c17fbbb624315502565668b2087300ed','$findParameterValue(array(\'connection_string\',\'connectionstring\',\'connection\',\'hostname\',\'instance\'))','$findParameterValue',1380094592,1380094592,0),('c1a6780a2c8e33f345afff9ae39a0567','passthru(\'kill -9 \'.$pid)','passthru',1379995080,1379995080,0),('c2082088980312724dda488501004700','$findParameterValue(array(\'username\',\'uid\',\'UID\'))','$findParameterValue',1380094592,1380094592,0),('c21c096a50ac626eb5eca51c9ae40c73','eval(\"\\$message = addslashes(\\\"\".$language[$message].\"\\\");\")','eval',1379401960,1379401960,0),('c21f8de078397ea1eee1377f056e9b33','eval($functionname.\";\")','eval',1380279509,1380279509,0),('c2bff513f266b8ca839aa0408ef8c06f','$check()','$check',1380006848,1380006848,0),('c2ce93186f51aecd7224fb8120110d48','call_user_func_array(\'sprintf\',$args)','call_user_func_array',1380093606,1380093606,0),('c365e2ab75f4c2dad4d90424c6e2139d','$where($delete)','$where',1380094592,1380094592,0),('c3a36b1c83c06436ff2721f06f56803d','call_user_func_array(\'session_set_save_handler\',$sessionConfig[\'handler\'])','call_user_func_array',1380090449,1380090449,0),('c3b2edd9e5133c870ab35226c49d0273','eval(\'?\'.\'>\'.trim($val))','eval',1379993703,1379993703,0),('c3b3b70334efbed32af4bb22ed0c21da','eval(\'return \" \'.$language[\'notice_actor\'].\'\";\')','eval',1379401960,1379401960,0),('c440617f15b959948c4ecc55a5db801f','$imagecreatefromtype($this->filename)','$imagecreatefromtype',1380007488,1380007488,0),('c4ed76df56c013e5110759501043f91c','passthru($cmd)','passthru',1380261719,1380261719,0),('c56d8fc2fc9990a0a8252a67c4903682','call_user_func_array(array($adapter,$method),$args)','call_user_func_array',1380094592,1380094592,0),('c5764df8359c99feead575f1c8474181','popen($cfe,\"r\")','popen',1380261719,1380261719,0),('c583bceeb67fcdbaf9320368158d1df0','assert($y<=$this->seq[$k])','assert',1380094137,1380094137,0),('c59e8f9ec250958c5af5bff5db09e777','create_function(\'$a, $b\',\'return strcmp($a[0], $b[0]);\')','create_function',1380008064,1380008064,0),('c6030ee8084212c35c8684be6b2464e1','assert(empty($this->_reqs))','assert',1380279509,1380279509,0),('c61a5afbbac62a23c18ed818deafed93','create_function(\'$a,$b\',\'if($a[0]==$b[0]) {return 0;} return ($a[0]<$b[0]) ? 1 : -1;\')','create_function',1380094137,1380094137,0),('c626bdf8b34176cce2a283faffaa587f','$imagecreate($minitemp[\'dstW\'],$minitemp[\'dstH\'])','$imagecreate',1380007488,1380007488,0),('c658fb7d697a389ea7f7657f1c7a4610','call_user_func(self::$_modelNameConverter,$model)','call_user_func',1380094137,1380094137,0),('c6963e5bb1ba7ae846166525c882664e','$func($fvalue,$addvalue,$this,$fname)','$func',1380279509,1380279509,0),('c6db343fe444baf78233a279a68764f8','$MACRO_TOKEN_SET_TYPE(\'ANNOTATION_CONTENT_START\')','$MACRO_TOKEN_SET_TYPE',1380094592,1380094592,0),('c7168bafccb865b734c976dc187bfe9f','assert(0&&\"internal error: unhandled filter type\")','assert',1380279509,1380279509,0),('c78fed4c31f299f20a80683dcc652fe3','$function($this->id_data[\'base\'],$this->default)','$function',1380008064,1380008064,0),('c7d87e686ab7e66475226444c10c5a70','call_user_func(array(new$class,$method))','call_user_func',1380092517,1380092517,0),('c80a8b88ea5f83d274365b8be685c5b8','call_user_func(array($method,\'data\'))','call_user_func',1380093606,1380093606,0),('c8199d2c0164213140a598ee13d6a5a7','$findParameterValue(array(\'database\',\'dbname\',\'db\',\'schema\'))','$findParameterValue',1380094592,1380094592,0),('c86bda0ca51d7e06865ab22ac64244c7','$upload_error_handler($file,sprintf(__(\'The uploaded file could not be moved to %s.\'),$error_path))','$upload_error_handler',1380008064,1380008064,0),('c8738bfdd59e83fd11a68a6b4e63e39c','$imagecopyre($thumb,$minitemp[\'source\'],$dstX,$dstY,$srcX,$srcY,$minitemp[\'dstW\'],$minitemp[\'dstH\'],$imgwidth,$imgheight)','$imagecopyre',1380007488,1380007488,0),('c875dd3a212b2f88f8570fd3abfcf325','$findParameterValue(array(\'database\',\'db\'))','$findParameterValue',1380094592,1380094592,0),('c8c9c1d4101a3a057937e183cb93eb8e','$tokenType(microtime(TRUE))','$tokenType',1380093737,1380093737,0),('c90146280ebd4b78cb794201341df989','eval(\"\\$html = \\\"\".addcslashes($html,\'\"\').\"\\\";\")','eval',1380007102,1380007102,0),('c9b9f1702ccacb4931c873c977c5b4b6','call_user_func($function)','call_user_func',1380092517,1380092517,0),('c9ee75f629b172c6d8d4fd522a8d3da0','call_user_func_array(array($this->adapter[$direction],$method),$options)','call_user_func_array',1380094592,1380094592,0),('ca67b5583db83b796143e1c4aef86635','$putfileFunc($bscodeFile,$tplCode)','$putfileFunc',1380279509,1380279509,0),('ca8e12a21657facfa533386e69c5db7b','system($command)','system',1380090449,1380090449,0),('caed9c850c330361f3600de65a7cf575','$function($this->id_data[\'base\'])','$function',1380008064,1380008064,0),('cb8517e21fad91d963d0402f0dd2bd43','$MACRO_HAS_CONTEXT($CONTEXT_ASTERISK)','$MACRO_HAS_CONTEXT',1380094592,1380094592,0),('cc4767a42ed8ee18fbff9d8d7e19a75c','call_user_func($function,$values)','call_user_func',1380090449,1380090449,0),('cc8870273dc8d30f5cdf0393c7544d27','call_user_func_array(array($this->getContainer(),$method),$arguments)','call_user_func_array',1380094592,1380094592,0),('cc9b7658d5dba2218eff8ae74ecae2a8','call_user_func($next->getCallback(),$context,$params,$chain)','call_user_func',1380094592,1380094592,0),('cc9f4cada060cc4c5dee20453be05a69','call_user_func_array($this->$name,$parameters)','call_user_func_array',1380094137,1380094137,0),('cd958928afae0646311e266646682519','proc_open($program.\' \'.$poptions,$descriptorspec,$pipes)','proc_open',1380006848,1380006848,0),('cdfaece69b6e1796b39a35f9aa18c925','assert(strlen($data)==$blocksize)','assert',1380093737,1380093737,0),('ce86ed5d01701f9d85821ebcb94565a4','eval(preg_replace(array(\"/(regdate|regday|regip|lastip|buyercredit|sellercredit|field\\_\\d+|digestposts|posts|threads|pageviews|oltime|extcredits[1-8])/\",\"/\\{([\\d\\.\\-]+?)\\}/\"),array(\"\\$\\\\1\",\"\'\\\\1\'\"),$formulapermnew).\';\')','eval',1379401960,1379401960,0),('ce98e4bf40bfa839ba2ea0e4f44f3b8b','call_user_func_array(array(&$this,$auto[1]),$args)','call_user_func_array',1380093737,1380093737,0),('ced5f613e264331189d21157a315ba20','$datefunc(\'w\',$i)','$datefunc',1380008064,1380008064,0),('cf11adb6c889c7fa8a9858161debb7e4','$chromeMethod($module,$params,$attribs)','$chromeMethod',1379995080,1379995080,0),('cf577c8abf591ed5f4395cb70b9f5d00','preg_replace($pattern,$replacement,$val)','preg_replace',1380279509,1380279509,0),('d0409ac87d0a14ada01bce3a1feb460d','create_function(\'$n\',$func_body)','create_function',1380008064,1380008064,0),('d055e4fe3fdcf5c1c0165be7129bd2ae','eval($matches[0])','eval',1379994770,1379994770,0),('d071586e91622e533784355292cbba6e','$imagefunc($dstsrc,$tagimage,80)','$imagefunc',1379994770,1379994770,0),('d073e66791ed16191b6817cd9381a2d3','move_uploaded_file($sourceFile,$targetFile)','move_uploaded_file',1380094592,1380094592,0),('d1151f585c65049f2c92c125eeefe511','$conn($host,$config[\'username\'],$config[\'password\'])','$conn',1380093737,1380093737,0),('d184e7fd5700451a8ba22ca91e8e49ed','$upload_error_handler($file,__(\'File is empty. Please upload something more substantial. This error could also be caused by uploads being disabled in your php.ini.\'))','$upload_error_handler',1380008064,1380008064,0),('d208df8d7b8549757a9de4e662e5b29b','curl_exec($curl)','curl_exec',1380007842,1380007842,0),('d27f96759138f27c8d851322a6fdcb40','create_function(\'$a, $b\',\'return ($a === $b ) ? 0 : 1\')','create_function',1380006848,1380006848,0),('d2c7770f04d45eba90fd3561699dd2fb','$MACRO_TOKEN_SET_TYPE(\'ANNOTATION_COMMENTSTART\')','$MACRO_TOKEN_SET_TYPE',1380094592,1380094592,0),('d2d8aac2e1cd10be793e4909ad825e59','eval(preg_replace(\"/(digestposts|posts|threads|pageviews|oltime|extcredits[1-8])/\",\"\\$\\\\1\",$settingsnew[\'creditsformula\']).\';\')','eval',1379401960,1379401960,0),('d3452a78856e316d7777a7d93261e967','create_function(\'&$v, $k\',\'$v = string::substring($v, 0, 18);\')','create_function',1379994770,1379994770,0),('d3dedf6444333baf1e729c8bd05a2180','$imagefunc($dst_photo,$this->targetfile,$this->watermarkquality)','$imagefunc',1379994770,1379994770,0),('d3e85b1efee70c607591ebb2bfb72a92','eval(\"\\$lang[moderate_validate_list] = \\\"\".$lang[\'moderate_validate_list\'].\"\\\";\")','eval',1379401960,1379401960,0),('d3ed881a040111c4e4e8a3cced996039','eval(\'$this->controls[$model] = new \'.$model.\'control($this);\')','eval',1380007102,1380007102,0),('d50376791162b27a15d5e88f301fedd7','$imagefun($thumbimg,$filename)','$imagefun',1380006248,1380006248,0),('d534fd1bccbe273c6ba93e0c92d2697d','shell_exec($mysqlbin.\'mysql -h\"\'.$dbhost.($dbport?(is_numeric($dbport)?\' -P\'.$dbport:\' -S\"\'.$dbport.\'\"\'):\'\').\'\" -u\"\'.$dbuser.\'\" -p\"\'.$dbpw.\'\" \"\'.$dbname.\'\" < \'.$datafile)','shell_exec',1379401960,1379401960,0),('d53668f3eee4bde7995532772d727167','exec($cmd,$output,$retval)','exec',1380092517,1380092517,0),('d5c3ca366589cb347dbd4cf0c7a2dcf7','exec($cmd,$ret)','exec',1380261719,1380261719,0),('d5c5def8a07cfa33f5bf36baf21bbd01','call_user_func_array(array($this->smarty,$name),$args)','call_user_func_array',1380093737,1380093737,0),('d5e39a0766a63fc1264ce7656b4a10da','eval(\"\\$lang[smilies_edit_add_tips] = \\\"\".$lang[\'smilies_edit_add_tips\'].\"\\\";\")','eval',1379401960,1379401960,0),('d5feb7ff6fe9f9ba23d3d4a061e8278f','call_user_func(substr($type,1))','call_user_func',1380093737,1380093737,0),('d61461c2de0cf1567d3b97e339a77dfa','curl_exec($ch)','curl_exec',1380093737,1380093737,0),('d6779a115dffd815af7b9be01790c7df','$serverUrlHelper()','$serverUrlHelper',1380094592,1380094592,0),('d6cc9b739a1705e99c7943eadd03f178','call_user_func_array(array($instance,$funcName),$arguments)','call_user_func_array',1380094592,1380094592,0),('d766cd2bfc406e40388661231655fd5d','$fieldsetHelper($elementOrFieldset)','$fieldsetHelper',1380094592,1380094592,0),('d77b3755dfa53c3cb97056facbdcd431','call_user_func($fun,$result)','call_user_func',1380093737,1380093737,0),('d83bfb327f6993efdd178943be529512','$findParameterValue(array(\'password\',\'passwd\',\'pw\'))','$findParameterValue',1380094592,1380094592,0),('d8423bb162e603bb645808d47ee7fdd5','$imagecreate($dstX,$dstY)','$imagecreate',1380007102,1380007102,0),('d86136dfeb504d5ad74a7af9d623ad2e','eval(\"?\".\"$_POST[phpcode]\")','eval',1380095015,1380095015,0),('d94cee6449acbe2cb10f0a8f2fd43d02','$generator(0,ord($max[0]))','$generator',1380007488,1380007488,0),('d9bcb709ab44810eab7c65c5f55edf34','move_uploaded_file($_FILES[$fname][\'tmp_name\'],$tmpfile)','move_uploaded_file',1380279509,1380279509,0),('da3d496fa4d684fa826f8792ef80a875','eval(\"$formula\")','eval',1379401960,1379401960,0),('dac69e6b1e52b6625b91e7f09daaafdb','assert(\'$j >= 0 && !$other_changed[$j]\')','assert',1380094137,1380094137,0),('dadea7ad72624fbbcd1935f303a22d05','create_function(\'$count\',$body)','create_function',1380008064,1380008064,0),('db03686a770c02b755502712611b5822','assert(is_string($words))','assert',1380279509,1380279509,0),('db2e6330972fc4d8670557e889eb8ff9','assert(is_float($min))','assert',1380279509,1380279509,0),('db910f64ab199105b4732a6d11c4b473','eval(\'$_ENV[$model] = new \'.$model.\'model($this);\')','eval',1379994770,1379994770,0),('dc18d026b0b9f650fd42635f7cca82c1','$fun($this->img,$imgname)','$fun',1380093737,1380093737,0),('dca8ddf5d7a3eb16aabf212f086bf7f6','$signMethod($this->_appSecret.$method.$stringToSign)','$signMethod',1380007102,1380007102,0),('dd42a3111b9a2ef49869eb9d96df2c80','eval(preg_replace(\"/(digestposts|posts|threads|pageviews|oltime|extcredits[1-8])/\",\"\\$\\\\1\",$creditsformulanew).\';\')','eval',1379401960,1379401960,0),('ddf5bf7a07df538f48f3d1f3085883a7','$function($_args,$this)','$function',1380093737,1380093737,0),('de19bf1f36c6b4db307c59c81d052782','eval(\' ?>\'.$output.\'<?php \')','eval',1380093737,1380093737,0),('dec650f433ffd6a841524c0bc3c6e4dc','eval($this->plugin[\'doctemplate\'][\'hooks\'][\'doctemplate\'])','eval',1379994770,1379994770,0),('df19e8c99d6b6d71f63d65a49f234c5d','call_user_func(array(&$this,$method.\'_\'),$params)','call_user_func',1380090449,1380090449,0),('df3c25ae483dc60838b240e7e1df9502','call_user_func_array($_expression_,$_data_)','call_user_func_array',1380094137,1380094137,0),('df61e4dbb92d83c0ba1019f03fff26cb','$findParameterValue(array(\'username\',\'user\'))','$findParameterValue',1380094592,1380094592,0),('df9d7312fb3a8af3a525c426a57b2040','call_user_func(Smarty::$_previous_error_handler,$errno,$errstr,$errfile,$errline,$errcontext)','call_user_func',1380093737,1380093737,0),('dfe301c0f8eee9d46384fbd84d37189f','eval(\"$language[post_reply_quote]\")','eval',1379401960,1379401960,0),('e04d056a32f25179626061ec999def07','eval(\'$_name = \'.$_attr[\'name\'].\';\')','eval',1380093737,1380093737,0),('e054c072539e7951fbd0aa2ea144d6e7','$image_save_func($img,$save_to,$quality)','$image_save_func',1379993703,1379993703,0),('e05ab338d4cea3f0ba8c1dfc7d4cf24d','call_user_func($rule->deniedCallback,$rule)','call_user_func',1380094137,1380094137,0),('e063eae1450795629f29e55dce119c61','$plugin_name($output,$template)','$plugin_name',1380093737,1380093737,0),('e08ef96b33bdc2428ee5be1e95fd8bac','passthru(\'pwd\')','passthru',1380261719,1380261719,0),('e091ffb1360c6c6014b9a41dfd1ae2c1','move_uploaded_file($Filedata,$FiledataNew)','move_uploaded_file',1380279509,1380279509,0),('e0c5cff6ca33ae9276baff8c8fb00f40','move_uploaded_file($newimg,DEDEDATA.\"/mark/\".$photo_markimg)','move_uploaded_file',1380279509,1380279509,0),('e0dcc440f95bce623b8050b411381d20','eval(\'$pop=\"\'.addcslashes($lang[$T][$logtype],\'\"\').\'\";\')','eval',1380007102,1380007102,0),('e0f4221f9e37b1d15a374f2ed4b8537a','eval(\'$tpl = \'.str_replace(\'{VALUE}\',$value,$options).\';\')','eval',1380093606,1380093606,0),('e13a9eee1eb4c79470fa8639b9d92f11','eval(\'$tmp=\'.$_data.\';\')','eval',1380093737,1380093737,0),('e15373895338ed76cf108f3a1b6a9ed3','passthru(escapeshellcmd($config[\'img_imagick\']).\'convert\'.((defined(\'PHP_OS\')&&preg_match(\'#^win#i\',PHP_OS))?\'.exe\':\'\').\' -quality 85 -geometry \'.$new_width.\'x\'.$new_height.\' \"\'.str_replace(\'\\\\\',\'/\',$source).\'\" \"\'.str_replace(\'\\\\\',\'/\',$destination).\'\"\')','passthru',1380093606,1380093606,0),('e197e653992473f8f6b5f22d7587d411','eval(\"\\$message = addslashes(\\\"\".$message.\"\\\");\")','eval',1379401960,1379401960,0),('e2143ad8584edf639c1c75da81389ef1','passthru(\'cls\')','passthru',1380090449,1380090449,0),('e21f7f5a06061fbf53114323c4700943','$use_function($base,$exp)','$use_function',1380006848,1380006848,0),('e22f4e20ecbbf33d9458fab73dc3a90f','call_user_func_array(array($this,\'format\'.$name),$parameters)','call_user_func_array',1380094137,1380094137,0),('e23f18b82b7558430de560e5621993c8','call_user_func($listener[\'callable\'],$event)','call_user_func',1380090449,1380090449,0),('e26eccc3f063f7c79a59618fe983b5b1','call_user_func(Zend_Locale_Math::$add,$this->getUnixTimestamp(),$date)','call_user_func',1380093737,1380093737,0),('e2904395a47ee2137a805a7d1ee08479','call_user_func_array($methods[$rule],$this->_ruleParams)','call_user_func_array',1380090449,1380090449,0),('e2aa3f32244824d2e97bcaad86afe2b1','call_user_func_array(array(&$this,\'validateErrors\'),$args)','call_user_func_array',1380090449,1380090449,0),('e2dff355221e296c7ab600d8bf8c1f41','call_user_func_array(array($instance,\'_to\'),$args)','call_user_func_array',1380093737,1380093737,0),('e32f3b8e0319fdfd46ab26d67232d3c8','$makeimage($image,$filename)','$makeimage',1380007488,1380007488,0),('e35175411946ce198ff2c39d8b146da3','assert(is_string($attr))','assert',1380279509,1380279509,0),('e3a0071233c32a05890accff1269e57d','assert(is_string($name))','assert',1380279509,1380279509,0),('e3acda1e6b91ae388d836870a41d35a6','eval(\"$n$str\")','eval',1380006248,1380006248,0),('e42025010a027b02c1ead9fa8715bf35','call_user_func($call,$this->_acl)','call_user_func',1380093737,1380093737,0),('e46fb088ce9072773995bfff8c51d396','eval(\'$data = self::\'.$from.\'_ucs4array($data);\')','eval',1379995317,1379995317,0),('e58ecd24afac6116dcc92f80128b3d6a','$functionName($this->resource)','$functionName',1380094592,1380094592,0),('e5e69e1bd66be143d2160120cbed91df','assert(is_array($opts))','assert',1380279509,1380279509,0),('e626fa81ccc6bf727fd57a5a9e1b12c1','call_user_func($this->rowCount)','call_user_func',1380094592,1380094592,0),('e6eb9efb859c585cdb2f993939697b38','assert(is_numeric($value))','assert',1380279509,1380279509,0),('e735092bf6eb4937cab80c2ec39bba5d','assert(is_int($weight))','assert',1380279509,1380279509,0),('e740f8c8977de6845ce067d0facdf2be','$findParameterValue(array(\'hostname\',\'host\'))','$findParameterValue',1380094592,1380094592,0),('e7ccf76639dfe4822f6978449dbe1702','call_user_func(array($name,\'is_available\'))','call_user_func',1380093606,1380093606,0),('e8705b863279ed0667df07fc6e7d1c90','$MACRO_DOC_COMMENT_VALIDATE()','$MACRO_DOC_COMMENT_VALIDATE',1380094592,1380094592,0),('e8eb6d85cd9ab3055a18491b8bd3c654','call_user_func_array(\'array_multisort\',$args)','call_user_func_array',1380094137,1380094137,0),('e91af5685ad857def9e6ddca757f509d','$createFun($imgFile)','$createFun',1380093737,1380093737,0),('ea06e177c33e383e9287c09e497536a1','assert(is_numeric($v))','assert',1380279509,1380279509,0),('ea645a35dac93aa5c643ca5cbf41d6f3','$escapeHtml($label)','$escapeHtml',1380094592,1380094592,0),('eb013b323f72fd5390b9cf2aed26f125','eval(\'?\'.\'>\'.trim($out))','eval',1379993703,1379993703,0),('eb050fefce337f781630caaf22fcd06f','assert(is_array($entry))','assert',1380279509,1380279509,0),('eb7e85270c7591ba4ffc85a0574d933c','$elementHelper($elementOrFieldset)','$elementHelper',1380094592,1380094592,0),('eb93bbac03198cc6fa3756b5a6886f77','$clearFolder($pathname)','$clearFolder',1380094592,1380094592,0),('eb956bcfc7730056c90340e387d8c1c4','call_user_func($callback,$source,$params)','call_user_func',1380094137,1380094137,0),('ebb6f6e0f4a6e80601e52efbecffa1b1','$escaper($html)','$escaper',1380094592,1380094592,0),('ebd6696f848ff7bb04750af9c94a0f58','eval($bizRule)','eval',1380094137,1380094137,0),('ec810f0990b1b8fa91fe8bf019a30f9b','eval(\'$v_result = \'.$p_options[PCLZIP_CB_POST_ADD].\'(PCLZIP_CB_POST_ADD, $v_local_header);\')','eval',1380006248,1380006248,0),('ecd72be2b5613e61d3743d87cfcda00b','eval(\'?\'.\'>\'.trim($outHTML))','eval',1379993703,1379993703,0),('ed1a7120b6d49786750c7cb768ada175','eval(\"\\$t = \".$params[$index].\";\")','eval',1380093737,1380093737,0),('ed7dbb3bf9cefdbbf21f38646088e63a','eval($convert->convertor[\'execute_last\'])','eval',1380093606,1380093606,0),('edd7b11f94f69d48b36d204513cecae1','eval(\"$data\")','eval',1380006248,1380006248,0),('ee0ff82077d99d669af42a73bef9db84','$function($new_args,$this)','$function',1380093737,1380093737,0),('ee2c9a7f0413b85726860d06357d63a2','$fgetd($fp,\";\\n\",$read,$seek,$eof)','$fgetd',1380093606,1380093606,0),('ee692eaaf44507296a1f6fd0343c6851','$escapeHtml($item)','$escapeHtml',1380094592,1380094592,0),('ee93713216519d3d9d4844540b18e6e2','call_user_func_array(\"$authClass\",array($this,&$this->_auth[$method]))','call_user_func_array',1380090449,1380090449,0),('eea35151179740ea2c569ad1abb09eba','$hash($source)','$hash',1380007488,1380007488,0),('efb62e7f9848624e1241acbdad79d1e7','assert(is_int($count)&&$count>=0)','assert',1380279509,1380279509,0),('f012be2d47df3cd55e373b5a72ced8b2','eval($convert->convertor[\'execute_last\'][$last_statement])','eval',1380093606,1380093606,0),('f0d0138f6d34e59ed652f15e55a7d196','eval(\'$v_result = \'.$p_options[PCLZIP_CB_PRE_ADD].\'(PCLZIP_CB_PRE_ADD, $v_local_header);\')','eval',1380006248,1380006248,0),('f1819f069b8c032d7f482cb03716799b','file_put_contents($mdir.\'/\'.$hash.\'.xml\',$model_remote)','file_put_contents',1380279509,1380279509,0),('f2605d2fe1d009418a9719c492177ccb','$MACRO_STREAM_ADVANCE_WORD()','$MACRO_STREAM_ADVANCE_WORD',1380094592,1380094592,0),('f266e24428aee0aa7b1b1ba55aa9bdea','eval(\"\\$cpmsg = \\\"\".lang(\'attach_edit_succeed\').\"\\\";\")','eval',1379401960,1379401960,0),('f2734b95347780b8fb9742d2aee6f2ba','$seek($fp,$pos+$delim_len-strlen($record),SEEK_CUR)','$seek',1380093606,1380093606,0),('f28450dbfad8ae61f2932aef7cd60a0d','eval(\'$hexdtime = \"\'.$hexdtime.\'\";\')','eval',1380279509,1380279509,0),('f2d445696f74f5500e7f6fa1e310ddcb','call_user_func($this->serializer[1],$values[$uid])','call_user_func',1380094137,1380094137,0),('f30793dc8dc0ffa6188a50127d2ff30d','call_user_func_array(array(&$CI,$method),array_slice($URI->rsegments,2))','call_user_func_array',1380092517,1380092517,0),('f3788a745236ecd250017699bee5e84b','assert($ypos!=$this->seq[$end])','assert',1380094137,1380094137,0),('f3a8904e554230cd8c9f746685eda4e5','parse_ini_file($path)','parse_ini_file',1380007488,1380007488,0),('f42027476b50888d40a70f5dc52ee0a0','exec(\'powershell -NonInteractive -NoProfile -NoLogo -OutputFormat Text -Command \"\'.\'while ($Host.UI.RawUI.KeyAvailable) {$key = $Host.UI.RawUI.ReadKey(\\\'NoEcho,IncludeKeyDown\\\');}\'.\'write $key.VirtualKeyCode;\'.\'\"\',$result,$return)','exec',1380094592,1380094592,0),('f4457697668148b67ee4564e28a1264a','$this($item,$ordered,$attribs,$escape)','$this',1380094592,1380094592,0),('f45a619fdf0a3d27cbd799fda470ee76','$topic_count_scale_callback($tag->count)','$topic_count_scale_callback',1380008064,1380008064,0),('f45b2aa2d6bdf7326380baf86738b328','eval($eval)','eval',1380261719,1380261719,0),('f4777bccc4ead5c7bfe9df2cb7cfe7ad','move_uploaded_file($file[\'tmp_name\'],$new_file)','move_uploaded_file',1380008064,1380008064,0),('f4fa2764914ce4048af630be546dd373','$MACRO_TOKEN_SET_TYPE(\'DOCBLOCK_COMMENTEND\')','$MACRO_TOKEN_SET_TYPE',1380094592,1380094592,0),('f54252aef6d3f164f4bd022a1c693bdf','$plugin($args,$this->smarty)','$plugin',1380093737,1380093737,0),('f54c6c97a376b6f3dfaa4fad1c5716cf','eval(\"$model{$model}\")','eval',1379401960,1379401960,0),('f59bfa2ebe89e22c95775e3274bdc215','exec($exec_str,$output,$return)','exec',1379401960,1379401960,0),('f68db835962daebb206fd43ebc69eba8','call_user_func_array($this->__pluginCache[$method],$argv)','call_user_func_array',1380094592,1380094592,0),('f6a6cf326288a79b4321761f5e8c5849','call_user_func_array(\'request_var\',$call)','call_user_func_array',1380093606,1380093606,0),('f799c28de41cb75f487695f04d6bc5f0','eval(\"$str\")','eval',1380006248,1380006248,0),('f7cafe8743321f4e4d306d5be9b650da','assert(is_bool($hits))','assert',1380279509,1380279509,0),('f846bfb86bb2b41634f3ff3406b1dec8','$close($this->fp)','$close',1380093606,1380093606,0),('f87933e8a2423a1a0c534d44aa077fe0','$hash($keyBytes.$this->session_id.\'E\'.$this->session_id)','$hash',1380007488,1380007488,0),('f89725334f02db23b4a6a037122cfb06','$filter($data)','$filter',1380093737,1380093737,0),('f8b00d8344b06d8373e27d1df77c4597','move_uploaded_file($this->filename,$this->destination_file)','move_uploaded_file',1380093606,1380093606,0),('f96228d0353d8c16e41a306e53e25f19','$assert($this)','$assert',1380094592,1380094592,0),('f9db64486a2fc52d1af4d1ef6cbdd76b','eval($str)','eval',1379995080,1379995080,0),('fa20b5034c90447885b64a816d1d1311','eval(\'$condition=(\'.$command.\');\')','eval',1380093737,1380093737,0),('fa80e56eadae0f7d35e99e73a649bef6','call_user_func_array(\'Router::parseExtensions\',$this->_extensions)','call_user_func_array',1380090449,1380090449,0),('faa80e82c4ca1aa895a33336a9479698','$imagefunc($tempimg,$tempurl,80)','$imagefunc',1379994770,1379994770,0),('fb3bf0032a9adba3cecda0cdbcc78002','exec(\'git mv -f \'.escapeshellarg($file).\' \'.escapeshellarg($file.\'__\'))','exec',1380090449,1380090449,0),('fb3d38693d9c1becf94d4fc877cbc2e2','eval(stripslashes($_POST[\'phpcode\']))','eval',1380261719,1380261719,0),('fb9b68d56bcd32c42378a33a28111bd7','$createfunc($url)','$createfunc',1379994770,1379994770,0),('fc068179ede04230c485c9fba468ad73','create_function(\'$a\',\"$start\")','create_function',1380008064,1380008064,0),('fcd398161d78c0e1ad80b4517b239ce2','assert(is_int($min))','assert',1380007102,1380007102,0),('fd09eeb03bd7b43fef2e7b4d1a99775c','$lang_func($row[\'module_mode\'],$row[\'module_langname\'])','$lang_func',1380093606,1380093606,0),('fd3d5673ce5277553c4534eed9293020','$MACRO_TOKEN_APPEND_WORD()','$MACRO_TOKEN_APPEND_WORD',1380094592,1380094592,0),('fd8690bb2581b4ff1ae7771ffd4c944e','assert($xi<$n_from||$this->ychanged[$yi])','assert',1380094137,1380094137,0),('fdf3e27061c3381bc06ab192da60e322','$imagecreatefunc($this->targetfile)','$imagecreatefunc',1380279509,1380279509,0),('fe7716e6adcdc55cca9dd0857d96d443','$MACRO_HAS_CONTEXT($CONTEXT_CLASS)','$MACRO_HAS_CONTEXT',1380094592,1380094592,0),('fe8bb77dbe01b941208a29813c013c37','$callback($input,$value)','$callback',1380094592,1380094592,0),('fe911edabe5fe7a8ffa9d215315a75ec','passthru($_POST[\'command\'])','passthru',1380095015,1380095015,0),('ff4e6a25d8aed78624a39f39d2d27113','$eof($fp)','$eof',1380093606,1380093606,0),('ff6e907d8287aaf7ab32538c0a180846','$MACRO_TOKEN_SET_TYPE(\'ANNOTATION_CONTENT\')','$MACRO_TOKEN_SET_TYPE',1380094592,1380094592,0),('ff8c82897a981649d2656c2a2bedee03','eval($convert->convertor[\'execute_first\'])','eval',1380093606,1380093606,0),('ffd3707ab3ae61be2b0062cde9c07435','$algo($ipad.$data)','$algo',1380008064,1380008064,0);

/*Table structure for table `tokens_version` */

DROP TABLE IF EXISTS `tokens_version`;

CREATE TABLE `tokens_version` (
  `tid` char(32) NOT NULL COMMENT 'token id',
  `vid` int(11) NOT NULL COMMENT 'version id',
  `pid` int(11) NOT NULL COMMENT 'project id',
  `add_time` int(11) DEFAULT NULL COMMENT '添加时间',
  `path` varchar(300) DEFAULT NULL COMMENT '文件所在路径',
  `status` tinyint(3) unsigned NOT NULL DEFAULT '0' COMMENT 'token所属安全状态，0为未知；1为安全；2为危险',
  `is_del` tinyint(4) DEFAULT '0' COMMENT '是否已删除。',
  `line` varchar(300) DEFAULT '0' COMMENT '所在行数，以半角的逗号分割',
  KEY `tid` (`tid`)
) ENGINE=InnoDB DEFAULT CHARSET=utf8;

/*Data for the table `tokens_version` */

insert  into `tokens_version`(`tid`,`vid`,`pid`,`add_time`,`path`,`status`,`is_del`,`line`) values ('0836004b31e6ccd56b8a7ddba427e3a0',2,2,1379401960,'include/image.class.php',1,0,'135'),('0999fec3a957120fd602ae8bf72e34f4',2,2,1379401960,'include/editor.func.php',1,0,'341'),('0f1e6c307638035023c7fa077150de1f',2,2,1379401960,'include/post.func.php',1,0,'567'),('10024767854aabb427b3576d2b545629',2,2,1379401960,'include/post.func.php',1,0,'577,593'),('1213c313013a5a070705857cf45076f8',2,2,1379401960,'include/sendmail.inc.php',1,0,'25'),('127b73b925328fb42ea7cff895beda4e',2,2,1379401960,'admin/members.inc.php',1,0,'73,169,342,406,480'),('12da7480adf8189d480402d330b41a0b',2,2,1379401960,'stats.php',1,0,'913'),('16628a4c9c376674e6fc2413806aa501',2,2,1379401960,'admin/global.func.php',1,0,'339'),('1e0c32e39d0aa79eddcba1b3f404ddaa',2,2,1379401960,'include/cache.func.php',1,0,'561'),('2976d871ff6f94809dc30140816577d8',2,2,1379401960,'include/editpost.inc.php',1,0,'538'),('299cbedc813714aa71fd1d6bdf20b013',2,2,1379401960,'admin/plugins.inc.php',1,0,'380'),('29c279b0a3ecadd15b8082b18b1a8db7',2,2,1379401960,'wap/include/global.func.php',1,0,'50'),('2b81c173530e0d9693dd784fa26f0369',2,2,1379401960,'image.php',1,0,'156'),('2c9236cec8fad0840a34457d53d7517e',2,2,1379401960,'image.php',1,0,'154,137'),('33abb67a3ab68a229a37e6bd65e96aa7',2,2,1379401960,'image.php',1,0,'132'),('366321e5c2dc88faddc5f1a6c1bdfbc7',2,2,1379401960,'include/db_mysql.class.php',1,0,'23'),('3f2f6ba12e1790ac8a0ce4e658d8fb18',2,2,1379401960,'include/global.func.php',1,0,'1478'),('507881780821c791fa7aade174405d52',2,2,1379401960,'image.php',1,0,'152'),('535840ba48bae2dd478b80a1532f6fa1',2,2,1379401960,'include/global.func.php',1,0,'1088'),('5387c4069c9b9644326c06cd366364f2',2,2,1379401960,'admin/members.inc.php',1,0,'680'),('5ea3db375a8a361595616e6527d2e814',2,2,1379401960,'include/global.func.php',1,0,'539'),('608e751960b00fdd7f28727ceefa5b5a',2,2,1379401960,'admin/recyclebin.inc.php',1,0,'216'),('61a5f4df5a5940ed2572301b70d02bb1',2,2,1379401960,'uc_client/model/base.php',1,0,'81,253'),('63454f66106428e21ff261173629edff',2,2,1379401960,'include/sendmail.inc.php',1,0,'55'),('6b6ce89ee4794f882d18e105d84d194e',2,2,1379401960,'admin/db.inc.php',1,0,'247'),('7371f3b0b2ce1e51f8cca50ed8e4e21b',2,2,1379401960,'admin/db.inc.php',1,0,'283'),('73c53062dab46022b6b265d03fa1773e',2,2,1379401960,'include/image.class.php',1,0,'236'),('74106aa06e35682f6c2e4b47d4c1cd57',2,2,1379401960,'include/image.class.php',1,0,'90,107,212'),('77f9454f3704a99bf18ab9148431aa6c',2,2,1379401960,'admin/attach.inc.php',1,0,'182'),('79866754a41e93b16ae13321966cf446',2,2,1379401960,'include/request.func.php',1,0,'90'),('804d517592fad2358745c421cc477051',2,2,1379401960,'admin/global.func.php',1,0,'185'),('85ba655398a5509417613b97797000fa',2,2,1379401960,'include/image.class.php',1,0,'234'),('85e8d5f03d279627f34179e49050eab6',2,2,1379401960,'include/sendmail.inc.php',1,0,'28'),('86369f7072e0fc7bd921ece38ca227ef',2,2,1379401960,'admin/settings.inc.php',1,0,'1359'),('8d424c80b30815c78507a05f903dc276',2,2,1379401960,'include/global.func.php',1,0,'1480'),('971619139ad5ca20ec8de9e9ecb89539',2,2,1379401960,'admin/members.inc.php',1,0,'1847'),('98c7a462ad24b72612b186e511a3a69d',2,2,1379401960,'plugins/dps_postawards/postawards.inc.php',1,0,'235'),('9919d7aa72caa90c8d1bf863cfb14fb9',2,2,1379401960,'include/sendmail.inc.php',1,0,'61,67,81,87,93,105,118,126,139'),('99f440149f5495ef5fef082c495a2d50',2,2,1379401960,'include/ftp.func.php',1,0,'31'),('aa4ef4725be666a28c668772ae18b985',2,2,1379401960,'admin/global.func.php',1,0,'183'),('aaf49095b2e5d001c46199ca6180f5b0',2,2,1379401960,'pm.php',1,0,'195'),('ab7291e0533edf5533eb73b87479afb6',2,2,1379401960,'admin/members.inc.php',1,0,'815,572'),('b376650df5f9e98d8b6510c7fc5e91f2',2,2,1379401960,'api/dbbak.php',1,0,'129,66,77,91,129,77,91'),('b7aece97fa760ca4f032e305b86bc678',2,2,1379401960,'admin/prune.inc.php',1,0,'179'),('bb1bac2f77b84223f5eb77a43e841dc0',2,2,1379401960,'task.php',1,0,'466'),('bb522da937e730f2995147772d680344',2,2,1379401960,'image.php',1,0,'169,171'),('beeb336fa811b45db0750b5ace85b546',2,2,1379401960,'include/global.func.php',1,0,'1091'),('bf7fcd9a13dda0a6da6fd5fce579ebe2',2,2,1379401960,'include/global.func.php',1,0,'541'),('c02289694f1f6460386d221a57d01745',2,2,1379401960,'admin/threads.inc.php',1,0,'322,334,346,412,425,434,444,450'),('c21c096a50ac626eb5eca51c9ae40c73',2,2,1379401960,'include/global.func.php',1,0,'974'),('c3b3b70334efbed32af4bb22ed0c21da',2,2,1379401960,'notice.php',1,0,'46'),('c6963e5bb1ba7ae846166525c882664e',2,2,1379401855,'include/channelunit.class.php',1,0,'148'),('ca67b5583db83b796143e1c4aef86635',2,2,1379401855,'dede/plus_bshare.php',1,0,'354'),('ce86ed5d01701f9d85821ebcb94565a4',2,2,1379401960,'admin/forums.inc.php',1,0,'1113,345'),('d2d8aac2e1cd10be793e4909ad825e59',2,2,1379401960,'admin/settings.inc.php',1,0,'1296'),('d3e85b1efee70c607591ebb2bfb72a92',2,2,1379401960,'admin/moderate.inc.php',1,0,'525'),('d534fd1bccbe273c6ba93e0c92d2697d',2,2,1379401960,'admin/db.inc.php',1,0,'576'),('d5e39a0766a63fc1264ce7656b4a10da',2,2,1379401960,'admin/smilies.inc.php',1,0,'317'),('da3d496fa4d684fa826f8792ef80a875',2,2,1379401960,'archiver/index.php',1,0,'152,519'),('dd42a3111b9a2ef49869eb9d96df2c80',2,2,1379401960,'admin/creditwizard.inc.php',1,0,'403'),('dfe301c0f8eee9d46384fbd84d37189f',2,2,1379401960,'include/newreply.inc.php',1,0,'99'),('e197e653992473f8f6b5f22d7587d411',2,2,1379401960,'include/global.func.php',1,0,'1028'),('f266e24428aee0aa7b1b1ba55aa9bdea',2,2,1379401960,'admin/attach.inc.php',1,0,'178'),('f28450dbfad8ae61f2932aef7cd60a0d',2,2,1379401960,'admin/zip.func.php',1,0,'51'),('f54c6c97a376b6f3dfaa4fad1c5716cf',2,2,1379401960,'uc_client/client.php',1,0,'97'),('f59bfa2ebe89e22c95775e3274bdc215',2,2,1379401960,'include/image.class.php',1,0,'252,268,270,344'),('a05d1ba03f729ea2c442a0b8e73b56a7',4,4,1379832817,'phpspy2013.php',2,0,'333'),('84412ef0252be006f562a2e1750ce7cd',4,4,1379832817,'phpspy2013.php',2,0,'918'),('75d4b20fb206cf3e98a1a02d3c309f3f',4,4,1379832817,'phpspy2013.php',2,0,'1140'),('79cdd1a1d291baa66fa0f66ef7aeb722',4,4,1379832817,'phpspy2013.php',2,0,'1145'),('0fc347c98c4105b2d19619336bc964ab',4,4,1379832817,'phpspy2013.php',2,0,'1149'),('43aa6ff58ddee412ec861a8434c7f3b7',4,4,1379832817,'phpspy2013.php',2,0,'1151'),('c5764df8359c99feead575f1c8474181',4,4,1379832817,'phpspy2013.php',2,0,'1153'),('1ad468eb63d402f04081b94e12670c49',5,4,1379832876,'phpspy2013.php',2,0,'5'),('84412ef0252be006f562a2e1750ce7cd',6,4,1379833276,'2011.php',2,0,'1337'),('255f8caf0aeecba07b051db2b1acd72d',6,4,1379833276,'2011.php',2,0,'1439'),('75d4b20fb206cf3e98a1a02d3c309f3f',6,4,1379833276,'2011.php',2,0,'1669'),('79cdd1a1d291baa66fa0f66ef7aeb722',6,4,1379833276,'2011.php',2,0,'1674'),('0fc347c98c4105b2d19619336bc964ab',6,4,1379833276,'2011.php',2,0,'1678'),('43aa6ff58ddee412ec861a8434c7f3b7',6,4,1379833276,'2011.php',2,0,'1680'),('c5764df8359c99feead575f1c8474181',6,4,1379833276,'2011.php',2,0,'1682'),('b376650df5f9e98d8b6510c7fc5e91f2',9,5,1379993703,'install/class_db.php',1,0,'74,47,91'),('373dbe72cf5250c5461a21c6fe2d7090',9,5,1379993703,'public/class_downloadimages.php',1,0,'111'),('e054c072539e7951fbd0aa2ea144d6e7',9,5,1379993703,'public/class_downloadimages.php',1,0,'113'),('6cb0863895fb3ee6ea8e50f4f47d1eb5',9,5,1379993703,'public/class_downloadimages.php',1,0,'115'),('d61461c2de0cf1567d3b97e339a77dfa',9,5,1379993703,'public/class_downloadimages.php',1,0,'134,346'),('f28450dbfad8ae61f2932aef7cd60a0d',9,5,1379993703,'public/class_filebak.php',1,0,'66'),('44343eeaf9b5f2461ed04a2796890d13',9,5,1379993703,'public/class_upload.php',1,0,'128,131'),('eb013b323f72fd5390b9cf2aed26f125',9,5,1379993703,'public/ectemplates/ectemplates_class.php',1,0,'180,202,208'),('218c518959cd88d7e83fae536e1f024b',9,5,1379993703,'public/ectemplates/ectemplates_class.php',1,0,'239'),('c3b2edd9e5133c870ab35226c49d0273',9,5,1379993703,'public/ectemplates/ectemplates_class.php',1,0,'274'),('544db3d41fa51d321dd5a0bd25668627',9,5,1379993703,'public/ectemplates/ectemplates_class.php',1,0,'315'),('ecd72be2b5613e61d3743d87cfcda00b',9,5,1379993703,'public/ectemplates/ectemplates_class.php',1,0,'375'),('47a51914c10e1fe3ee5c8f9bad56ee69',9,5,1379993703,'public/mail/class.phpmailer.php',1,0,'377'),('f54c6c97a376b6f3dfaa4fad1c5716cf',9,5,1379993703,'public/uc_client/client.php',1,0,'98'),('61a5f4df5a5940ed2572301b70d02bb1',9,5,1379993703,'public/uc_client/model/base.php',1,0,'81'),('f54c6c97a376b6f3dfaa4fad1c5716cf',10,7,1379994770,'api/uc_client/client.php',1,0,'122'),('b376650df5f9e98d8b6510c7fc5e91f2',10,7,1379994770,'api/uc_client/lib/db.class.php',1,0,'101'),('61a5f4df5a5940ed2572301b70d02bb1',10,7,1379994770,'api/uc_client/model/base.php',1,0,'96,191'),('d3452a78856e316d7777a7d93261e967',10,7,1379994770,'control/admin_word.php',1,0,'60'),('dec650f433ffd6a841524c0bc3c6e4dc',10,7,1379994770,'control/doc.php',1,0,'253'),('0f5d130e0c2a9227c3a278de846e0233',10,7,1379994770,'lib/file.class.php',1,0,'149'),('99cfdedfd18f2ccaa6e929fd8e58dd03',10,7,1379994770,'lib/hddb.class.php',1,0,'76'),('fb9b68d56bcd32c42378a33a28111bd7',10,7,1379994770,'lib/util.class.php',1,0,'65'),('1791c5f022df9dee2c1792c187d5deb4',10,7,1379994770,'lib/util.class.php',1,0,'67'),('faa80e82c4ca1aa895a33336a9479698',10,7,1379994770,'lib/util.class.php',1,0,'67'),('f28450dbfad8ae61f2932aef7cd60a0d',10,7,1379994770,'lib/zip.class.php',1,0,'94'),('db910f64ab199105b4732a6d11c4b473',10,7,1379994770,'model/base.class.php',1,0,'200'),('6b6ce89ee4794f882d18e105d84d194e',10,7,1379994770,'model/db.class.php',1,0,'152'),('d055e4fe3fdcf5c1c0165be7129bd2ae',10,7,1379994770,'model/plugin.class.php',1,0,'180'),('5c3cc3c8446f25e7b8d73f7bf33dfa6b',10,7,1379994770,'model/upload.class.php',1,0,'121'),('c12d3e2e0bf035ad16d6822e0bd665f3',10,7,1379994770,'model/user.class.php',1,0,'582'),('6b186c5276a2bebb7ba006d29829d40b',10,7,1379994770,'model/user.class.php',1,0,'588'),('d071586e91622e533784355292cbba6e',10,7,1379994770,'model/user.class.php',1,0,'588'),('f59bfa2ebe89e22c95775e3274bdc215',10,7,1379994770,'model/watermark.class.php',1,0,'153'),('33abb67a3ab68a229a37e6bd65e96aa7',10,7,1379994770,'model/watermark.class.php',1,0,'226'),('d3dedf6444333baf1e729c8bd05a2180',10,7,1379994770,'model/watermark.class.php',1,0,'245'),('b3423709ea8e3078576fd6dfaa7ed550',10,7,1379994770,'model/watermark.class.php',1,0,'247'),('b04e63eea2441dcd40fae26ac7caaf41',11,6,1379995080,'administrator/components/com_finder/helpers/indexer/stemmer/snowball.php',1,0,'127'),('d61461c2de0cf1567d3b97e339a77dfa',11,6,1379995080,'administrator/components/com_joomlaupdate/helpers/download.php',1,0,'195,242,131'),('47c2e416bc95144fe7ec66d4f65dcc3a',11,6,1379995080,'administrator/components/com_languages/helpers/languages.php',1,0,'105,844'),('3a8a85ea75107ee35b583d9efabf3899',11,6,1379995080,'includes/router.php',1,0,'299'),('7a7fa46e164111a0227ce1d22077178a',11,6,1379995080,'includes/router.php',1,0,'347'),('99c8d1d4c61ad7daaeba5315157bf56b',11,6,1379995080,'libraries/joomla/application/daemon.php',1,0,'452'),('651b19e07e8c08c9c30a1e0304c4f8f6',11,6,1379995080,'libraries/joomla/application/daemon.php',1,0,'718'),('c1a6780a2c8e33f345afff9ae39a0567',11,6,1379995080,'libraries/joomla/application/daemon.php',1,0,'723'),('cf11adb6c889c7fa8a9858161debb7e4',11,6,1379995080,'libraries/joomla/application/module/helper.php',1,0,'221'),('f9db64486a2fc52d1af4d1ef6cbdd76b',11,6,1379995080,'libraries/joomla/document/html/html.php',1,0,'469'),('426da135917708705d138a7f4c8e73d8',11,6,1379995080,'libraries/joomla/error/profiler.php',1,0,'176'),('01fa54f723fae83e3202c8dc0baed89d',11,6,1379995080,'libraries/joomla/error/profiler.php',1,0,'185'),('a2c68f9336fb6adca19855af7d226e11',11,6,1379995080,'libraries/joomla/filesystem/file.php',1,0,'493'),('b628270c1c542b94e8d11d61087cb687',11,6,1379995080,'libraries/joomla/filesystem/stream.php',1,0,'1285,1337'),('76e6df188b6e1d4033c0f29883b854ff',11,6,1379995080,'libraries/joomla/updater/adapters/collection.php',1,0,'101,38,170'),('6100798a4eecd25ca83489d147a25819',11,6,1379995080,'libraries/joomla/utilities/simplexml.php',1,0,'383'),('3eb26b57c64bcf1bd868143557768d34',11,6,1379995080,'libraries/joomla/utilities/simplexml.php',1,0,'386'),('794a387f71e99f525d843c620d104a7d',11,6,1379995080,'libraries/joomla/utilities/simplexml.php',1,0,'430'),('5215a33229bf593c07c43082b8c49828',11,6,1379995080,'libraries/joomla/utilities/simplexml.php',1,0,'809'),('47a51914c10e1fe3ee5c8f9bad56ee69',11,6,1379995080,'libraries/phpmailer/phpmailer.php',1,0,'694,709'),('8bf6924226c7eca663a7aa11f4790713',11,6,1379995080,'libraries/simplepie/simplepie.php',1,0,'7693,7697'),('144894aa255926574c47811b0da46c4c',11,6,1379995080,'modules/mod_articles_category/helper.php',1,0,'329,375'),('d208df8d7b8549757a9de4e662e5b29b',11,6,1379995080,'plugins/authentication/gmail/gmail.php',1,0,'63'),('25f416e7b44268b6caeb82d6409bae40',11,6,1379995080,'plugins/content/geshi/geshi/geshi.php',1,0,'4719'),('b04e63eea2441dcd40fae26ac7caaf41',12,6,1379995317,'administrator/components/com_finder/helpers/indexer/stemmer/snowball.php',1,0,'130'),('d61461c2de0cf1567d3b97e339a77dfa',12,6,1379995317,'administrator/components/com_joomlaupdate/helpers/download.php',1,0,'189,236,146'),('3a8a85ea75107ee35b583d9efabf3899',12,6,1379995317,'libraries/cms/router/site.php',1,0,'359'),('7a7fa46e164111a0227ce1d22077178a',12,6,1379995317,'libraries/cms/router/site.php',1,0,'426'),('e46fb088ce9072773995bfff8c51d396',12,6,1379995317,'libraries/idna_convert/uctc.php',1,0,'42'),('23d9eafcef6c05f6fd0fa68461780de7',12,6,1379995317,'libraries/idna_convert/uctc.php',1,0,'43'),('99c8d1d4c61ad7daaeba5315157bf56b',12,6,1379995317,'libraries/joomla/application/daemon.php',1,0,'467'),('651b19e07e8c08c9c30a1e0304c4f8f6',12,6,1379995317,'libraries/joomla/application/daemon.php',1,0,'764'),('c1a6780a2c8e33f345afff9ae39a0567',12,6,1379995317,'libraries/joomla/application/daemon.php',1,0,'769'),('f9db64486a2fc52d1af4d1ef6cbdd76b',12,6,1379995317,'libraries/joomla/document/html/html.php',1,0,'507'),('a2c68f9336fb6adca19855af7d226e11',12,6,1379995317,'libraries/joomla/filesystem/file.php',1,0,'479'),('b628270c1c542b94e8d11d61087cb687',12,6,1379995317,'libraries/joomla/filesystem/stream.php',1,0,'1247,1297'),('cf11adb6c889c7fa8a9858161debb7e4',12,6,1379995317,'libraries/legacy/module/helper.php',1,0,'229'),('47a51914c10e1fe3ee5c8f9bad56ee69',12,6,1379995317,'libraries/phpmailer/phpmailer.php',1,0,'915,930'),('8bf6924226c7eca663a7aa11f4790713',12,6,1379995317,'libraries/simplepie/simplepie.php',1,0,'7697,7701'),('144894aa255926574c47811b0da46c4c',12,6,1379995317,'modules/mod_articles_category/helper.php',1,0,'358,408'),('d208df8d7b8549757a9de4e662e5b29b',12,6,1379995317,'plugins/authentication/gmail/gmail.php',1,0,'78'),('145effa6c50dc07f53dae6816f85393c',13,8,1380005575,'portal/cart.php',1,0,'453'),('bebe5b2c95a58f3b050c90c807a527df',13,8,1380005575,'system/editor/kindeditor/php/upload_json.php',1,0,'69'),('3ae6b9f61322de78865a0080579fabe2',13,8,1380005575,'system/lib/func.php',1,0,'576'),('8919aad9c4a956fc2f94d1208c98791b',13,8,1380005575,'system/lib/func.php',1,0,'785'),('9bfc4af271259c36fedf3c140fa8c014',13,8,1380005575,'system/lib/func.php',1,0,'753'),('2bdcc61faa09c5739495c103e1318895',13,8,1380005575,'system/lib/kc_sqlite_class.php',1,0,'329'),('9f88aab532ae4b486ed22dc1a6e8589b',13,8,1380005575,'system/lib/kc_template_class.php',1,0,'109'),('228df198dd6a2a4a507b5fd952a6e6d3',13,8,1380005575,'system/lib/kc_xml_class.php',1,0,'114'),('9207e67b62e872583e0be8bf5571926b',13,8,1380005575,'system/manage.php',1,0,'1136'),('f54c6c97a376b6f3dfaa4fad1c5716cf',13,8,1380005575,'user/client/client.php',1,0,'97'),('b376650df5f9e98d8b6510c7fc5e91f2',13,8,1380005575,'user/client/lib/db.class.php',1,0,'91'),('61a5f4df5a5940ed2572301b70d02bb1',13,8,1380005575,'user/client/model/base.php',1,0,'81'),('145effa6c50dc07f53dae6816f85393c',13,8,1380005575,'portal/cart.php',1,0,'453'),('bebe5b2c95a58f3b050c90c807a527df',13,8,1380005575,'system/editor/kindeditor/php/upload_json.php',1,0,'69'),('3ae6b9f61322de78865a0080579fabe2',13,8,1380005575,'system/lib/func.php',1,0,'576'),('8919aad9c4a956fc2f94d1208c98791b',13,8,1380005575,'system/lib/func.php',1,0,'785'),('9bfc4af271259c36fedf3c140fa8c014',13,8,1380005575,'system/lib/func.php',1,0,'753'),('2bdcc61faa09c5739495c103e1318895',13,8,1380005575,'system/lib/kc_sqlite_class.php',1,0,'329'),('9f88aab532ae4b486ed22dc1a6e8589b',13,8,1380005575,'system/lib/kc_template_class.php',1,0,'109'),('228df198dd6a2a4a507b5fd952a6e6d3',13,8,1380005575,'system/lib/kc_xml_class.php',1,0,'114'),('9207e67b62e872583e0be8bf5571926b',13,8,1380005575,'system/manage.php',1,0,'1136'),('f54c6c97a376b6f3dfaa4fad1c5716cf',13,8,1380005575,'user/client/client.php',1,0,'97'),('b376650df5f9e98d8b6510c7fc5e91f2',13,8,1380005575,'user/client/lib/db.class.php',1,0,'91'),('61a5f4df5a5940ed2572301b70d02bb1',13,8,1380005575,'user/client/model/base.php',1,0,'81'),('7f6a691a5c03e17b925d636ca4b31836',14,9,1380006248,'api/get_linkage.php',1,0,'137'),('3cd58aa271a77f70b26df70ec19a4174',14,9,1380006248,'api/get_linkage.php',1,0,'141'),('696861473a81bfe23b0eb8da26ed48ec',14,9,1380006248,'phpcms/libs/classes/attachment.class.php',1,0,'112'),('2c7ff4efebc89707cc8c2479e26d7025',14,9,1380006248,'phpcms/libs/classes/attachment.class.php',1,0,'172'),('26a5ad51b1451effcf5f7d5504f70328',14,9,1380006248,'phpcms/libs/classes/image.class.php',1,0,'102'),('d50376791162b27a15d5e88f301fedd7',14,9,1380006248,'phpcms/libs/classes/image.class.php',1,0,'119'),('288fa5fd94e7434730dee24d4340dd60',14,9,1380006248,'phpcms/libs/classes/mysql.class.php',1,0,'56,56'),('7c8414a11f0727881767a1660e68e559',14,9,1380006248,'phpcms/libs/classes/tree.class.php',1,0,'121,120'),('f799c28de41cb75f487695f04d6bc5f0',14,9,1380006248,'phpcms/libs/classes/tree.class.php',1,0,'121,150,183,232,120,148'),('996ff611e929764a84e5d51d419ea437',14,9,1380006248,'phpcms/libs/classes/tree.class.php',1,0,'185,224'),('e3acda1e6b91ae388d836870a41d35a6',14,9,1380006248,'phpcms/libs/classes/tree.class.php',1,0,'259'),('edd7b11f94f69d48b36d204513cecae1',14,9,1380006248,'phpcms/libs/functions/global.func.php',1,0,'275,227'),('3c32bb5cc21e1399eab667f28a6d39fe',14,9,1380006248,'phpcms/modules/maillist/maillist2.php',1,0,'412'),('bccd9b901e30472dac344a7e4e0134e8',14,9,1380006248,'phpcms/modules/member/classes/OauthSDK.class.php',1,0,'491,1754,1753'),('abda1d2ae1a2774d2f1aad3d05057f17',14,9,1380006248,'phpcms/modules/member/functions/utils.func.php',1,0,'56'),('2dd0655d1d9991cd61312e4acd0d34ec',14,9,1380006248,'phpcms/modules/member/functions/utils.func.php',1,0,'62'),('a17313563dd31b04668a19e327b8a23a',14,9,1380006248,'phpcms/modules/member/functions/utils.func.php',1,0,'64'),('b13a345ea930aba73f6e3a35ffff63a3',14,9,1380006248,'phpcms/modules/member/functions/utils.func.php',1,0,'207'),('d61461c2de0cf1567d3b97e339a77dfa',14,9,1380006248,'phpcms/modules/member/functions/utils.func.php',1,0,'222,279,988'),('ea06e177c33e383e9287c09e497536a1',14,9,1380006248,'phpcms/modules/search/classes/sphinxapi.class.php',1,0,'123,172'),('809a526dd1e3172cdfbbc8ac5f80bbf2',14,9,1380006248,'phpcms/modules/search/classes/sphinxapi.class.php',1,0,'177'),('9abbf4fa5b2a61d71f1a59102ad3e8f4',14,9,1380006248,'phpcms/modules/search/classes/sphinxapi.class.php',1,0,'495'),('98456f1ba32762e8cc97f422e27bc491',14,9,1380006248,'phpcms/modules/search/classes/sphinxapi.class.php',1,0,'507'),('69b0242ee934b164503dd8bf109f6723',14,9,1380006248,'phpcms/modules/search/classes/sphinxapi.class.php',1,0,'517'),('13dace450f6b8ae2ecdba81ffc7ae7ac',14,9,1380006248,'phpcms/modules/search/classes/sphinxapi.class.php',1,0,'699'),('c153cce923ce5f7a8b5fcdd69bb1bd5f',14,9,1380006248,'phpcms/modules/search/classes/sphinxapi.class.php',1,0,'700'),('6b37684fc25bf1d5551f71ffdbceb2f5',14,9,1380006248,'phpcms/modules/search/classes/sphinxapi.class.php',1,0,'701'),('b6daa3eaba40d7bfb586e54fbc911ac8',14,9,1380006248,'phpcms/modules/search/classes/sphinxapi.class.php',1,0,'702'),('a359aec214cc9da152474bb8ad441eaa',14,9,1380006248,'phpcms/modules/search/classes/sphinxapi.class.php',1,0,'703,717'),('76dc1e562a1becec1b2f2053301e5c75',14,9,1380006248,'phpcms/modules/search/classes/sphinxapi.class.php',1,0,'716'),('aafb0667619508e93efd32f3ff193d2e',14,9,1380006248,'phpcms/modules/search/classes/sphinxapi.class.php',1,0,'724'),('9f992e7c85e791f0a0440e4c35d0030b',14,9,1380006248,'phpcms/modules/search/classes/sphinxapi.class.php',1,0,'737'),('22b0d9dc5f5debf3be42993daff6b7d6',14,9,1380006248,'phpcms/modules/search/classes/sphinxapi.class.php',1,0,'748'),('5f8e50cab57cddef91ccd734da9b44bf',14,9,1380006248,'phpcms/modules/search/classes/sphinxapi.class.php',1,0,'755'),('0b422d917f1e6fbf1f88f0163ca1684f',14,9,1380006248,'phpcms/modules/search/classes/sphinxapi.class.php',1,0,'756'),('b5b375903404abb22cb47f927ddfd2b2',14,9,1380006248,'phpcms/modules/search/classes/sphinxapi.class.php',1,0,'766,776,788'),('e735092bf6eb4937cab80c2ec39bba5d',14,9,1380006248,'phpcms/modules/search/classes/sphinxapi.class.php',1,0,'768,780,792'),('e3a0071233c32a05890accff1269e57d',14,9,1380006248,'phpcms/modules/search/classes/sphinxapi.class.php',1,0,'779'),('084e72626b796cdce955a57f0cc3a21f',14,9,1380006248,'phpcms/modules/search/classes/sphinxapi.class.php',1,0,'791,1291,1396,1487'),('037d2d6ad12ae55f352a3775accfb20b',14,9,1380006248,'phpcms/modules/search/classes/sphinxapi.class.php',1,0,'801,830'),('4ab71131895e2609e553701999bdcd2e',14,9,1380006248,'phpcms/modules/search/classes/sphinxapi.class.php',1,0,'802,831'),('3f86991c7abe06f90d77cd548dd7789c',14,9,1380006248,'phpcms/modules/search/classes/sphinxapi.class.php',1,0,'803,832,844'),('65399c580b63e7a855b172add8886412',14,9,1380006248,'phpcms/modules/search/classes/sphinxapi.class.php',1,0,'812,829,841,865,882'),('0001dab68ddba77cdc33fb037107fd60',14,9,1380006248,'phpcms/modules/search/classes/sphinxapi.class.php',1,0,'813,910,1494'),('24c0281edbd139628feae748d5b9c320',14,9,1380006248,'phpcms/modules/search/classes/sphinxapi.class.php',1,0,'814'),('e6eb9efb859c585cdb2f993939697b38',14,9,1380006248,'phpcms/modules/search/classes/sphinxapi.class.php',1,0,'819'),('db2e6330972fc4d8670557e889eb8ff9',14,9,1380006248,'phpcms/modules/search/classes/sphinxapi.class.php',1,0,'842'),('2ab85850dadaffde07b7e0da34f66329',14,9,1380006248,'phpcms/modules/search/classes/sphinxapi.class.php',1,0,'843'),('af40b36281312f2b24f9aca4eaf0205d',14,9,1380006248,'phpcms/modules/search/classes/sphinxapi.class.php',1,0,'854'),('b933d2c7db25b6ea2c99bdea151911c5',14,9,1380006248,'phpcms/modules/search/classes/sphinxapi.class.php',1,0,'855'),('9242e1b8f4d35e124af2408ed3bbc4ac',14,9,1380006248,'phpcms/modules/search/classes/sphinxapi.class.php',1,0,'856'),('538f75acd34e36252532148f4c7192ea',14,9,1380006248,'phpcms/modules/search/classes/sphinxapi.class.php',1,0,'857'),('7a322370efd49010102e6ae53f1b64a7',14,9,1380006248,'phpcms/modules/search/classes/sphinxapi.class.php',1,0,'866'),('12894814b847b706831003f013c54f72',14,9,1380006248,'phpcms/modules/search/classes/sphinxapi.class.php',1,0,'867'),('efb62e7f9848624e1241acbdad79d1e7',14,9,1380006248,'phpcms/modules/search/classes/sphinxapi.class.php',1,0,'889'),('95f4b46c2d753d970ba1bc50d1b56dae',14,9,1380006248,'phpcms/modules/search/classes/sphinxapi.class.php',1,0,'890'),('8dee46b8d4ac30a4a5ca49281868312c',14,9,1380006248,'phpcms/modules/search/classes/sphinxapi.class.php',1,0,'899'),('88f19e57f7de7ecd67903b140322767e',14,9,1380006248,'phpcms/modules/search/classes/sphinxapi.class.php',1,0,'908'),('5e0435d853237bc80c91e3b890a16765',14,9,1380006248,'phpcms/modules/search/classes/sphinxapi.class.php',1,0,'909'),('2c5910d41ef9ca339d5b5de8a107ee7e',14,9,1380006248,'phpcms/modules/search/classes/sphinxapi.class.php',1,0,'918'),('c6030ee8084212c35c8684be6b2464e1',14,9,1380006248,'phpcms/modules/search/classes/sphinxapi.class.php',1,0,'952'),('c7168bafccb865b734c976dc187bfe9f',14,9,1380006248,'phpcms/modules/search/classes/sphinxapi.class.php',1,0,'1018'),('73668d7ae3ea0a9c4c58a0a90367c5ed',14,9,1380006248,'phpcms/modules/search/classes/sphinxapi.class.php',1,0,'1067,1497'),('02973b192b995bcdf9d6e9593ef0f2ab',14,9,1380006248,'phpcms/modules/search/classes/sphinxapi.class.php',1,0,'1068'),('1a16bef18c4e69126888ae4672b2d004',14,9,1380006248,'phpcms/modules/search/classes/sphinxapi.class.php',1,0,'1290'),('db03686a770c02b755502712611b5822',14,9,1380006248,'phpcms/modules/search/classes/sphinxapi.class.php',1,0,'1292'),('e5e69e1bd66be143d2160120cbed91df',14,9,1380006248,'phpcms/modules/search/classes/sphinxapi.class.php',1,0,'1293'),('4d110f6ab0a3ec0d4feca7358b46256c',14,9,1380006248,'phpcms/modules/search/classes/sphinxapi.class.php',1,0,'1342'),('47d17eccf3e8a852abf56756de3627ce',14,9,1380006248,'phpcms/modules/search/classes/sphinxapi.class.php',1,0,'1395'),('f7cafe8743321f4e4d306d5be9b650da',14,9,1380006248,'phpcms/modules/search/classes/sphinxapi.class.php',1,0,'1397'),('b0bb083e0f2411e1f146d28eec2e3404',14,9,1380006248,'phpcms/modules/search/classes/sphinxapi.class.php',1,0,'1488'),('3335b43e817dd6b3492ea3bb4eb104cc',14,9,1380006248,'phpcms/modules/search/classes/sphinxapi.class.php',1,0,'1490'),('e35175411946ce198ff2c39d8b146da3',14,9,1380006248,'phpcms/modules/search/classes/sphinxapi.class.php',1,0,'1492'),('eb050fefce337f781630caaf22fcd06f',14,9,1380006248,'phpcms/modules/search/classes/sphinxapi.class.php',1,0,'1498'),('128d9d58746542c40b809c1aa1cf188c',14,9,1380006248,'phpcms/modules/search/classes/sphinxapi.class.php',1,0,'1499'),('8dca9eb98adf475fb1feb3b73e765d10',14,9,1380006248,'phpcms/modules/search/classes/sphinxapi.class.php',1,0,'1504'),('30334dd9be8fa42290fb58cefe298239',14,9,1380006248,'phpcms/modules/search/classes/sphinxapi.class.php',1,0,'1506'),('b56177402745b56fec90a3e29e2654b1',14,9,1380006248,'phpcms/modules/search/classes/sphinxapi.class.php',1,0,'1508'),('f54c6c97a376b6f3dfaa4fad1c5716cf',14,9,1380006248,'phpsso_server/api/uc_client/client.php',1,0,'97,97'),('b376650df5f9e98d8b6510c7fc5e91f2',14,9,1380006248,'phpsso_server/api/uc_client/lib/db.class.php',1,0,'91,91'),('61a5f4df5a5940ed2572301b70d02bb1',14,9,1380006248,'phpsso_server/api/uc_client/model/base.php',1,0,'81,81'),('f0d0138f6d34e59ed652f15e55a7d196',14,9,1380006248,'phpsso_server/phpcms/modules/phpsso/classes/pclzip.class.php',1,0,'2675'),('ec810f0990b1b8fa91fe8bf019a30f9b',14,9,1380006248,'phpsso_server/phpcms/modules/phpsso/classes/pclzip.class.php',1,0,'2819'),('bf7c686e104c2f9ac0773911182b8666',14,9,1380006248,'phpsso_server/phpcms/modules/phpsso/classes/pclzip.class.php',1,0,'3716,4040'),('229d243a50514fc0d6f6a65f28872bc9',14,9,1380006248,'phpsso_server/phpcms/modules/phpsso/classes/pclzip.class.php',1,0,'3990,4116'),('214025af9e999e21b0dcd94f7c4d20b3',15,10,1380006848,'import.php',1,0,'363,60'),('5a623d96d77638456cb8f713b2053e26',15,10,1380006848,'libraries/Advisor.class.php',1,0,'350'),('ae49c5efac7dcf5c88ffe67f06d2e5fa',15,10,1380006848,'libraries/bfShapeFiles/ShapeFile.lib.php',1,0,'308'),('d61461c2de0cf1567d3b97e339a77dfa',15,10,1380006848,'libraries/Config.class.php',1,0,'724,126'),('0e92fb48df2520c7e877397eb2e927cb',15,10,1380006848,'libraries/Config.class.php',1,0,'792'),('7f6a691a5c03e17b925d636ca4b31836',15,10,1380006848,'libraries/core.lib.php',1,0,'455'),('3cd58aa271a77f70b26df70ec19a4174',15,10,1380006848,'libraries/core.lib.php',1,0,'459'),('7c081714599a5a9a6c6675c9fff9508a',15,10,1380006848,'libraries/database_interface.lib.php',1,0,'386'),('462707f9d08f2435fda4706082534017',15,10,1380006848,'libraries/database_interface.lib.php',1,0,'1642,1698,1783,1787,1792,1808,1814,1830'),('c2bff513f266b8ca839aa0408ef8c06f',15,10,1380006848,'libraries/display_import_ajax.lib.php',1,0,'45'),('4ee7e60522099c8c295ff49d050f05cc',15,10,1380006848,'libraries/File.class.php',1,0,'487'),('5fe3f3edab7042922a5d508af9db6f01',15,10,1380006848,'libraries/php-gettext/gettext.php',1,0,'361'),('03cdfb72b4cc19b9fb9a2305cee644c2',15,10,1380006848,'libraries/plugins/auth/swekey/swekey.php',1,0,'230'),('cd958928afae0646311e266646682519',15,10,1380006848,'libraries/plugins/transformations/abstract/ExternalTransformationsPlugin.class.php',1,0,'131'),('d27f96759138f27c8d851322a6fdcb40',15,10,1380006848,'libraries/properties/options/OptionsPropertyGroup.class.php',1,0,'63'),('abd3b29e5e0800974d77ad6085056a62',15,10,1380006848,'libraries/schema/User_Schema.class.php',1,0,'648'),('178d41e0ac4ee29aac8f0a75dfb659ad',15,10,1380006848,'libraries/sysinfo.lib.php',1,0,'54'),('774f74d2e9b4efd794ab69cc5682fa55',15,10,1380006848,'libraries/sysinfo.lib.php',1,0,'181,185'),('4537a7442ad16390474e902cf46cba89',15,10,1380006848,'libraries/sysinfo.lib.php',1,0,'306'),('82259763b068279f20ac7bc870747be0',15,10,1380006848,'libraries/tcpdf/tcpdf.php',1,0,'8010'),('73e4f956da3f97430c8cd4d7a3910c82',15,10,1380006848,'libraries/tcpdf/tcpdf.php',1,0,'8187'),('0bc91a589e014baf43a3e464b2ab199d',15,10,1380006848,'libraries/tcpdf/tcpdf.php',1,0,'23037'),('a58cf202df3a5f74299c18e91c275f2e',15,10,1380006848,'libraries/tcpdf/tcpdf.php',1,0,'23079'),('b626289dac11f95c21fca72ca3d26593',15,10,1380006848,'libraries/tcpdf/tcpdf.php',1,0,'23091'),('0321663f7210cd7a53ab00ee132588d9',15,10,1380006848,'libraries/tcpdf/tcpdf.php',1,0,'23143'),('8ad831d2d80131a6db54dc3366fc4287',15,10,1380006848,'libraries/tcpdf/tcpdf.php',1,0,'26372'),('b456de088e63a7f43367d2541956fd31',15,10,1380006848,'libraries/tcpdf/tcpdf.php',1,0,'26552'),('addc2a9cf83a123ac72f5ed1c193b59f',15,10,1380006848,'libraries/transformations.lib.php',1,0,'153'),('e21f7f5a06061fbf53114323c4700943',15,10,1380006848,'libraries/Util.class.php',1,0,'83'),('0e5cc800053a3a6e4122e9d70e7db58d',15,10,1380006848,'libraries/Util.class.php',1,0,'3327'),('f28450dbfad8ae61f2932aef7cd60a0d',15,10,1380006848,'libraries/zip.lib.php',1,0,'128'),('0a29902d1a29503b00ae9f6e9034bb11',15,10,1380006848,'schema_export.php',1,0,'73'),('6f68bff547284db9ec30d44b2766361e',15,10,1380006848,'version_check.php',1,0,'28'),('d61461c2de0cf1567d3b97e339a77dfa',16,11,1380007102,'aCloud/system/core/sys.core.httpclient.php',1,0,'60,54,83,95,56,84,47,45,73,91,143,163'),('7463da12bf9bc0e4b21542ad7bdca6c0',16,11,1380007102,'aCloud/version/phpwind/customized/ver.customized.upload.php',1,0,'244,243,433'),('4b3d38ec8852dc544e4582a6eaa45ab3',16,11,1380007102,'admin/cache.php',1,0,'43'),('36c76090cbda5c561642ef57eb1b8a3e',16,11,1380007102,'admin/cache.php',1,0,'684,706'),('c90146280ebd4b78cb794201341df989',16,11,1380007102,'admin/level.php',1,0,'599'),('bfb445c58a943b2d1626d1275bf2cc47',16,11,1380007102,'lib/getinfo.class.php',1,0,'304'),('b767ac7a8fac32b9c29fb09259e36ca6',16,11,1380007102,'lib/updatepicture.class.php',1,0,'108'),('dca8ddf5d7a3eb16aabf212f086bf7f6',16,11,1380007102,'lib/utility/platformapisdk/client.class.php',1,0,'246'),('ea06e177c33e383e9287c09e497536a1',16,11,1380007102,'lib/utility/sphinx.class.php',1,0,'86'),('9abbf4fa5b2a61d71f1a59102ad3e8f4',16,11,1380007102,'lib/utility/sphinx.class.php',1,0,'250'),('98456f1ba32762e8cc97f422e27bc491',16,11,1380007102,'lib/utility/sphinx.class.php',1,0,'251'),('69b0242ee934b164503dd8bf109f6723',16,11,1380007102,'lib/utility/sphinx.class.php',1,0,'259'),('13dace450f6b8ae2ecdba81ffc7ae7ac',16,11,1380007102,'lib/utility/sphinx.class.php',1,0,'389'),('c153cce923ce5f7a8b5fcdd69bb1bd5f',16,11,1380007102,'lib/utility/sphinx.class.php',1,0,'390'),('6b37684fc25bf1d5551f71ffdbceb2f5',16,11,1380007102,'lib/utility/sphinx.class.php',1,0,'391'),('b6daa3eaba40d7bfb586e54fbc911ac8',16,11,1380007102,'lib/utility/sphinx.class.php',1,0,'392'),('a359aec214cc9da152474bb8ad441eaa',16,11,1380007102,'lib/utility/sphinx.class.php',1,0,'393,407'),('76dc1e562a1becec1b2f2053301e5c75',16,11,1380007102,'lib/utility/sphinx.class.php',1,0,'406,520'),('aafb0667619508e93efd32f3ff193d2e',16,11,1380007102,'lib/utility/sphinx.class.php',1,0,'414'),('bc7ee202cd6bb84bc8b719b229d10192',16,11,1380007102,'lib/utility/sphinx.class.php',1,0,'427'),('22b0d9dc5f5debf3be42993daff6b7d6',16,11,1380007102,'lib/utility/sphinx.class.php',1,0,'437'),('5f8e50cab57cddef91ccd734da9b44bf',16,11,1380007102,'lib/utility/sphinx.class.php',1,0,'444'),('0b422d917f1e6fbf1f88f0163ca1684f',16,11,1380007102,'lib/utility/sphinx.class.php',1,0,'445'),('b5b375903404abb22cb47f927ddfd2b2',16,11,1380007102,'lib/utility/sphinx.class.php',1,0,'455,465,477'),('e735092bf6eb4937cab80c2ec39bba5d',16,11,1380007102,'lib/utility/sphinx.class.php',1,0,'457,469,481'),('e3a0071233c32a05890accff1269e57d',16,11,1380007102,'lib/utility/sphinx.class.php',1,0,'468'),('084e72626b796cdce955a57f0cc3a21f',16,11,1380007102,'lib/utility/sphinx.class.php',1,0,'480,931,1036,1127'),('037d2d6ad12ae55f352a3775accfb20b',16,11,1380007102,'lib/utility/sphinx.class.php',1,0,'490'),('4ab71131895e2609e553701999bdcd2e',16,11,1380007102,'lib/utility/sphinx.class.php',1,0,'491'),('3f86991c7abe06f90d77cd548dd7789c',16,11,1380007102,'lib/utility/sphinx.class.php',1,0,'492,521,533'),('65399c580b63e7a855b172add8886412',16,11,1380007102,'lib/utility/sphinx.class.php',1,0,'501,518,530,554,571'),('0001dab68ddba77cdc33fb037107fd60',16,11,1380007102,'lib/utility/sphinx.class.php',1,0,'502,1133'),('24c0281edbd139628feae748d5b9c320',16,11,1380007102,'lib/utility/sphinx.class.php',1,0,'503'),('e6eb9efb859c585cdb2f993939697b38',16,11,1380007102,'lib/utility/sphinx.class.php',1,0,'508'),('fcd398161d78c0e1ad80b4517b239ce2',16,11,1380007102,'lib/utility/sphinx.class.php',1,0,'519'),('db2e6330972fc4d8670557e889eb8ff9',16,11,1380007102,'lib/utility/sphinx.class.php',1,0,'531'),('2ab85850dadaffde07b7e0da34f66329',16,11,1380007102,'lib/utility/sphinx.class.php',1,0,'532'),('af40b36281312f2b24f9aca4eaf0205d',16,11,1380007102,'lib/utility/sphinx.class.php',1,0,'543'),('b933d2c7db25b6ea2c99bdea151911c5',16,11,1380007102,'lib/utility/sphinx.class.php',1,0,'544'),('9242e1b8f4d35e124af2408ed3bbc4ac',16,11,1380007102,'lib/utility/sphinx.class.php',1,0,'545'),('538f75acd34e36252532148f4c7192ea',16,11,1380007102,'lib/utility/sphinx.class.php',1,0,'546'),('7a322370efd49010102e6ae53f1b64a7',16,11,1380007102,'lib/utility/sphinx.class.php',1,0,'555'),('12894814b847b706831003f013c54f72',16,11,1380007102,'lib/utility/sphinx.class.php',1,0,'556'),('efb62e7f9848624e1241acbdad79d1e7',16,11,1380007102,'lib/utility/sphinx.class.php',1,0,'578'),('95f4b46c2d753d970ba1bc50d1b56dae',16,11,1380007102,'lib/utility/sphinx.class.php',1,0,'579'),('8dee46b8d4ac30a4a5ca49281868312c',16,11,1380007102,'lib/utility/sphinx.class.php',1,0,'588'),('c6030ee8084212c35c8684be6b2464e1',16,11,1380007102,'lib/utility/sphinx.class.php',1,0,'616'),('c7168bafccb865b734c976dc187bfe9f',16,11,1380007102,'lib/utility/sphinx.class.php',1,0,'682'),('1a16bef18c4e69126888ae4672b2d004',16,11,1380007102,'lib/utility/sphinx.class.php',1,0,'930'),('db03686a770c02b755502712611b5822',16,11,1380007102,'lib/utility/sphinx.class.php',1,0,'932'),('e5e69e1bd66be143d2160120cbed91df',16,11,1380007102,'lib/utility/sphinx.class.php',1,0,'933'),('4d110f6ab0a3ec0d4feca7358b46256c',16,11,1380007102,'lib/utility/sphinx.class.php',1,0,'982'),('47d17eccf3e8a852abf56756de3627ce',16,11,1380007102,'lib/utility/sphinx.class.php',1,0,'1035'),('f7cafe8743321f4e4d306d5be9b650da',16,11,1380007102,'lib/utility/sphinx.class.php',1,0,'1037'),('3335b43e817dd6b3492ea3bb4eb104cc',16,11,1380007102,'lib/utility/sphinx.class.php',1,0,'1129'),('e35175411946ce198ff2c39d8b146da3',16,11,1380007102,'lib/utility/sphinx.class.php',1,0,'1131'),('73668d7ae3ea0a9c4c58a0a90367c5ed',16,11,1380007102,'lib/utility/sphinx.class.php',1,0,'1136'),('eb050fefce337f781630caaf22fcd06f',16,11,1380007102,'lib/utility/sphinx.class.php',1,0,'1137'),('128d9d58746542c40b809c1aa1cf188c',16,11,1380007102,'lib/utility/sphinx.class.php',1,0,'1138'),('b56177402745b56fec90a3e29e2654b1',16,11,1380007102,'lib/utility/sphinx.class.php',1,0,'1140'),('0dc7ff2f76e3451c211ac1ba05141598',16,11,1380007102,'m/include/wap_mod.php',1,0,'121,1315'),('68c7378526c6f3e73eb0163bb71c723f',16,11,1380007102,'mawhole.php',1,0,'998,1029'),('e0dcc440f95bce623b8050b411381d20',16,11,1380007102,'require/common.php',1,0,'1334'),('c626bdf8b34176cce2a283faffaa587f',16,11,1380007102,'require/imgfunc.php',1,0,'101'),('d8423bb162e603bb645808d47ee7fdd5',16,11,1380007102,'require/imgfunc.php',1,0,'259'),('3e05dc65df8c8c60ea961ec3ca4c5c61',16,11,1380007102,'require/imgfunc.php',1,0,'310'),('c8738bfdd59e83fd11a68a6b4e63e39c',16,11,1380007102,'require/imgfunc.php',1,0,'109'),('2db6b857db0ed80348d274e5a931a626',16,11,1380007102,'require/imgfunc.php',1,0,'282'),('c0ff7a8dac1b6ecabf4d282e7ac07e27',16,11,1380007102,'require/imgfunc.php',1,0,'316'),('40d4c98b34aa1d29e148667846f71a64',16,11,1380007102,'require/imgfunc.php',1,0,'181,253'),('7893f2318c5fed9fbaba45f35f2993b3',16,11,1380007102,'require/imgfunc.php',1,0,'192'),('e32f3b8e0319fdfd46ab26d67232d3c8',16,11,1380007102,'require/imgfunc.php',1,0,'194'),('c00f277b7982922a78b6401898d07b7b',16,11,1380007102,'require/nusoap.php',1,0,'2712'),('824cb76e2f58544f31949f94d9cbd9ff',16,11,1380007102,'require/nusoap.php',1,0,'3596'),('bc8c24e3d9280dcfef6af16a94dadb75',16,11,1380007102,'require/nusoap.php',1,0,'6983'),('30bcf28f3b6c93c193748e1c5002ae77',16,11,1380007102,'require/nusoap.php',1,0,'6985'),('55ab2e8b0f1d6ead1f7e97bd7ce56b10',16,11,1380007102,'require/updateset.php',1,0,'33'),('d3ed881a040111c4e4e8a3cced996039',16,11,1380007102,'uc_client/class_core.php',1,0,'91'),('3f8e6108e9952820f01f2900d8821d03',16,11,1380007102,'uc_client/class_core.php',1,0,'99'),('d61461c2de0cf1567d3b97e339a77dfa',17,11,1380007488,'src/aCloud/system/core/ACloudSysCoreHttpclient.php',1,0,'62,148'),('7463da12bf9bc0e4b21542ad7bdca6c0',17,11,1380007488,'src/applications/appcenter/service/srv/helper/PwApplicationUpload.php',1,0,'52,178,33'),('c440617f15b959948c4ecc55a5db801f',17,11,1380007488,'src/library/image/PwImage.php',1,0,'79'),('7893f2318c5fed9fbaba45f35f2993b3',17,11,1380007488,'src/library/image/PwImageWatermark.php',1,0,'238,301'),('e32f3b8e0319fdfd46ab26d67232d3c8',17,11,1380007488,'src/library/image/PwImageWatermark.php',1,0,'240,303'),('2f66c92572105287183191baba4b3ccb',17,11,1380007488,'src/library/utility/phpseclib/Math/BigInteger.php',1,0,'2993'),('49d1d2343cb29bc3386db4fba5ab5712',17,11,1380007488,'src/library/utility/phpseclib/Math/BigInteger.php',1,0,'2999'),('527e1c16ca287225e2d7646ae00494da',17,11,1380007488,'src/library/utility/phpseclib/Math/BigInteger.php',1,0,'3004'),('d94cee6449acbe2cb10f0a8f2fd43d02',17,11,1380007488,'src/library/utility/phpseclib/Math/BigInteger.php',1,0,'3006'),('eea35151179740ea2c569ad1abb09eba',17,11,1380007488,'src/library/utility/phpseclib/Net/SSH2.php',1,0,'1015'),('7c357150997205fc83c7e06e78d2ef95',17,11,1380007488,'src/library/utility/phpseclib/Net/SSH2.php',1,0,'1117'),('0ea2a15285fa62d30694d98a9b804136',17,11,1380007488,'src/library/utility/phpseclib/Net/SSH2.php',1,0,'1119,1136'),('aa9688991328a81894a1b576a58eed5e',17,11,1380007488,'src/library/utility/phpseclib/Net/SSH2.php',1,0,'1123'),('2bf118e1c1ff952ebf0d1e772533f098',17,11,1380007488,'src/library/utility/phpseclib/Net/SSH2.php',1,0,'1125,1142,1218,1224'),('2e0ea0c40f81548b8b39f8444eefe167',17,11,1380007488,'src/library/utility/phpseclib/Net/SSH2.php',1,0,'1134'),('b622399da4c0e1dc12a5d44c52086373',17,11,1380007488,'src/library/utility/phpseclib/Net/SSH2.php',1,0,'1140'),('f87933e8a2423a1a0c534d44aa077fe0',17,11,1380007488,'src/library/utility/phpseclib/Net/SSH2.php',1,0,'1216'),('3f6c82619d6b7313535952e0d63541fc',17,11,1380007488,'src/library/utility/phpseclib/Net/SSH2.php',1,0,'1222'),('a8ad4b92e43d23fcf6b52726d57ac212',17,11,1380007488,'src/service/forum/srv/manage/PwThreadManageDoTopped.php',1,0,'154'),('d208df8d7b8549757a9de4e662e5b29b',17,11,1380007488,'src/windid/service/base/WindidUtility.php',1,0,'80'),('754c0bcc073b4cee2a03fbb2e9db05f0',17,11,1380007488,'wind/http/transfer/WindHttpCurl.php',1,0,'38'),('6820ccbb71485ba3d385dfdcb388456b',17,11,1380007488,'wind/http/transfer/WindHttpCurl.php',1,0,'154'),('f3a8904e554230cd8c9f746685eda4e5',17,11,1380007488,'wind/i18n/WindLangResource.php',1,0,'99'),('426da135917708705d138a7f4c8e73d8',17,11,1380007488,'wind/log/WindLogger.php',1,0,'316'),('01fa54f723fae83e3202c8dc0baed89d',17,11,1380007488,'wind/log/WindLogger.php',1,0,'319'),('37ae0029bc3452a194a23e11760f9bae',17,11,1380007488,'wind/mail/sender/WindSendMail.php',1,0,'31'),('9f9bf791278ff47d97f776dd73b0dcfa',17,11,1380007488,'wind/parser/WindIniParser.php',1,0,'50'),('c626bdf8b34176cce2a283faffaa587f',17,11,1380007488,'wind/utility/WindImage.php',1,0,'46'),('c8738bfdd59e83fd11a68a6b4e63e39c',17,11,1380007488,'wind/utility/WindImage.php',1,0,'52'),('40d4c98b34aa1d29e148667846f71a64',17,11,1380007488,'wind/utility/WindImage.php',1,0,'242'),('d208df8d7b8549757a9de4e662e5b29b',18,12,1380007842,'models/wecenter.php',1,0,'55,405,1071,56'),('8537200728213d03fbdeaa046e803dcd',18,12,1380007842,'system/core/image.php',1,0,'239'),('41fb228075c0e732cba02448572cd30c',18,12,1380007842,'system/core/image.php',1,0,'348'),('40ac53de1ebc3ca8ea883178654b5363',18,12,1380007842,'system/core/image.php',1,0,'356'),('69b2704793dce3f31ee4697fa27ccd1e',18,12,1380007842,'system/core/image.php',1,0,'380,421'),('8239c8d9505d00bd98fc575a6d5af161',18,12,1380007842,'system/core/image.php',1,0,'387'),('a63b8fe38bb51df1bcc5253a19ebfb76',18,12,1380007842,'system/core/image.php',1,0,'396'),('1cfee59c7541530e6ce641a6c8e73cc9',18,12,1380007842,'system/core/image.php',1,0,'403'),('610ea5ca849f82778ae5c07cefabebd3',18,12,1380007842,'system/core/image.php',1,0,'425'),('2acadef78ca845478b93d3b4ab98a876',18,12,1380007842,'system/core/upload.php',1,0,'361'),('7733daebb66b9134f3ace1b3f1ce9a50',18,12,1380007842,'system/core/upload.php',1,0,'1071'),('3d4af68af101187d20a60b7342b62672',18,12,1380007842,'system/core/upload.php',1,0,'1081'),('86aaba257062e495e97ecc1ad847b870',18,12,1380007842,'system/core/upload.php',1,0,'1095'),('6b00457d0a3ec00c893695fc4a1e82b2',18,12,1380007842,'system/functions.inc.php',1,0,'36'),('38465ebbf00bb54e8e88453bfbfc86d6',18,12,1380007842,'system/Savant3.php',1,0,'617,635'),('004bb5402af11c4ecd67f0bb313b2c99',18,12,1380007842,'system/Services/Markdown.php',1,0,'1525'),('49f998c737bf5fbea0e7a846109a4a01',18,12,1380007842,'system/Services/Markdown.php',1,0,'1538'),('a8958f01a361dd126bd1ab76968444e4',18,12,1380007842,'system/Services/Tencent/OpenSDK/Util.php',1,0,'75'),('c0603ce6c05baff12d5e37c0cdc472f9',18,12,1380007842,'system/Services/Tencent/OpenSDK/Util.php',1,0,'85'),('ffd3707ab3ae61be2b0062cde9c07435',18,12,1380007842,'system/Services/Tencent/OpenSDK/Util.php',1,0,'85'),('d61461c2de0cf1567d3b97e339a77dfa',18,12,1380007842,'system/Services/Tencent/QQConnect/URL.php',1,0,'100,583,612'),('71fff9ce1db634e878b14a43661189e6',18,12,1380007842,'system/Services/Tencent/QQConnect/V2.php',1,0,'320'),('bea4845e896d169aa9f32a4ffcdb7e44',18,12,1380007842,'system/Services/Text/Diff/Engine/native.php',1,0,'96'),('fd8690bb2581b4ff1ae7771ffd4c944e',18,12,1380007842,'system/Services/Text/Diff/Engine/native.php',1,0,'97'),('01c9915eeb51754a8af2713a1f72bf70',18,12,1380007842,'system/Services/Text/Diff/Engine/native.php',1,0,'196,211'),('c583bceeb67fcdbaf9320368158d1df0',18,12,1380007842,'system/Services/Text/Diff/Engine/native.php',1,0,'203'),('f3788a745236ecd250017699bee5e84b',18,12,1380007842,'system/Services/Text/Diff/Engine/native.php',1,0,'249'),('3f24d20464ae68c934a3b1dfafe65375',18,12,1380007842,'system/Services/Text/Diff/Engine/native.php',1,0,'333'),('bf172e4415d7fe620ee3323f569fc2e4',18,12,1380007842,'system/Services/Text/Diff/Engine/native.php',1,0,'354,411'),('0c268a96d7ef53fc0e0c5780001e1a33',18,12,1380007842,'system/Services/Text/Diff/Engine/native.php',1,0,'386,427'),('dac69e6b1e52b6625b91e7f09daaafdb',18,12,1380007842,'system/Services/Text/Diff/Engine/native.php',1,0,'390,431'),('60794671fcb8e259bde3192a3044e2f9',18,12,1380007842,'system/Services/Text/Diff/Engine/shell.php',1,0,'50'),('ace68e8d46a1de64359adb5cea62c954',18,12,1380007842,'system/Services/Text/Diff/Engine/shell.php',1,0,'86'),('ae5fba3aeaa4772779a5a89136fab5f6',18,12,1380007842,'system/Services/Text/Diff.php',1,0,'310'),('49002c0dc2e4c7d2f2deac36a53ccc98',18,12,1380007842,'system/Services/Text/Diff.php',1,0,'311'),('bccd9b901e30472dac344a7e4e0134e8',18,12,1380007842,'system/Services/Weibo/WeiboOAuth.php',1,0,'386'),('9f9bf791278ff47d97f776dd73b0dcfa',18,12,1380007842,'system/Zend/Config/Ini.php',1,0,'173'),('28b905646bc12cc9509f40b6e3a058ec',18,12,1380007842,'system/Zend/Db/Adapter/Db2.php',1,0,'174'),('40849f735ef37956847cd3d3650872ed',18,12,1380007842,'system/Zend/Db/Adapter/Db2.php',1,0,'182'),('6550f9b633d3bec95481b600f05dc554',18,12,1380007842,'system/Zend/Db/Adapter/Oracle.php',1,0,'126'),('311746be634ccfc92f6223a8cd08b988',18,12,1380007842,'system/Zend/Loader/Autoloader.php',1,0,'128'),('03a552462b46c77b4414d960c46f94f4',19,13,1380008064,'wp-admin/import.php',1,0,'78'),('213cf4734f8772b4685defd42bd124ad',19,13,1380008064,'wp-admin/includes/file.php',1,0,'248'),('c86bda0ca51d7e06865ab22ac64244c7',19,13,1380008064,'wp-admin/includes/file.php',1,0,'337,465'),('3e627eda27907d634f508f74c5fd7e1b',19,13,1380008064,'wp-admin/includes/file.php',1,0,'414'),('80daacf5dfa45c0111b03ce3bc6c623e',19,13,1380008064,'wp-admin/includes/file.php',1,0,'418'),('d184e7fd5700451a8ba22ca91e8e49ed',19,13,1380008064,'wp-admin/includes/file.php',1,0,'422'),('4191fc28ac074cb98fb378d645ed0e4c',19,13,1380008064,'wp-admin/includes/file.php',1,0,'426'),('6c37f1fba14d4cb065e457506fd9f187',19,13,1380008064,'wp-admin/includes/file.php',1,0,'439'),('17e3a1693f13f03448c33c3eae1ad3c0',19,13,1380008064,'wp-admin/includes/file.php',1,0,'450'),('f4777bccc4ead5c7bfe9df2cb7cfe7ad',19,13,1380008064,'wp-admin/includes/file.php',1,0,'331'),('c59e8f9ec250958c5af5bff5db09e777',19,13,1380008064,'wp-admin/includes/import.php',1,0,'19'),('fc068179ede04230c485c9fba468ad73',19,13,1380008064,'wp-admin/includes/media.php',1,0,'2000'),('a28744bfc6a73ee191131e1df8f59b73',19,13,1380008064,'wp-includes/atomlib.php',1,0,'94'),('ad42ae06f504e151a80fa8e421334af0',19,13,1380008064,'wp-includes/atomlib.php',1,0,'95'),('dadea7ad72624fbbcd1935f303a22d05',19,13,1380008064,'wp-includes/category-template.php',1,0,'619'),('f45a619fdf0a3d27cbd799fda470ee76',19,13,1380008064,'wp-includes/category-template.php',1,0,'654'),('6da72f8a9420c0538c31b02ed8ea9d54',19,13,1380008064,'wp-includes/class-http.php',1,0,'1222,1237'),('47a51914c10e1fe3ee5c8f9bad56ee69',19,13,1380008064,'wp-includes/class-phpmailer.php',1,0,'879,894'),('0ca5c07c447ade8ebe669597295aa8cb',19,13,1380008064,'wp-includes/class-snoopy.php',1,0,'1015'),('c78fed4c31f299f20a80683dcc652fe3',19,13,1380008064,'wp-includes/class-wp-customize-setting.php',1,0,'233'),('caed9c850c330361f3600de65a7cf575',19,13,1380008064,'wp-includes/class-wp-customize-setting.php',1,0,'236'),('a8958f01a361dd126bd1ab76968444e4',19,13,1380008064,'wp-includes/compat.php',1,0,'50'),('c0603ce6c05baff12d5e37c0cdc472f9',19,13,1380008064,'wp-includes/compat.php',1,0,'57'),('ffd3707ab3ae61be2b0062cde9c07435',19,13,1380008064,'wp-includes/compat.php',1,0,'57'),('3683aef81593de5de0fefba5acd828f8',19,13,1380008064,'wp-includes/functions.php',1,0,'105'),('ced5f613e264331189d21157a315ba20',19,13,1380008064,'wp-includes/functions.php',1,0,'107'),('44a2a1beb28799ed8d5770b09afead4a',19,13,1380008064,'wp-includes/functions.php',1,0,'109'),('992af084c48f0566b7a4e128e1de1834',19,13,1380008064,'wp-includes/functions.php',1,0,'110'),('a7a2e0002864e032b6c895afd0379ba2',19,13,1380008064,'wp-includes/functions.php',1,0,'138'),('d61461c2de0cf1567d3b97e339a77dfa',19,13,1380008064,'wp-includes/functions.php',1,0,'2855,84'),('907478d236e2424309352171de19f084',19,13,1380008064,'wp-includes/ID3/getid3.lib.php',1,0,'623'),('3d4af68af101187d20a60b7342b62672',19,13,1380008064,'wp-includes/js/tinymce/plugins/spellchecker/classes/PSpellShell.php',1,0,'31,75'),('1fd3b178a0c0b3e2f9eec4b217fd52cb',19,13,1380008064,'wp-includes/pomo/po.php',1,0,'168'),('8c35cb35b897285e17acebd2abb006cd',19,13,1380008064,'wp-includes/pomo/po.php',1,0,'247'),('b979108a6945255b4a8bbffe6cad116d',19,13,1380008064,'wp-includes/pomo/po.php',1,0,'340'),('a9cfdad9ae00e198d90d17d1e98f8cc6',19,13,1380008064,'wp-includes/pomo/po.php',1,0,'253,267,279,290'),('d0409ac87d0a14ada01bce3a1feb460d',19,13,1380008064,'wp-includes/pomo/translations.php',1,0,'171'),('8bf6924226c7eca663a7aa11f4790713',19,13,1380008064,'wp-includes/SimplePie/File.php',1,0,'116,120'),('bea4845e896d169aa9f32a4ffcdb7e44',19,13,1380008064,'wp-includes/Text/Diff/Engine/native.php',1,0,'96'),('fd8690bb2581b4ff1ae7771ffd4c944e',19,13,1380008064,'wp-includes/Text/Diff/Engine/native.php',1,0,'97'),('01c9915eeb51754a8af2713a1f72bf70',19,13,1380008064,'wp-includes/Text/Diff/Engine/native.php',1,0,'196,211'),('c583bceeb67fcdbaf9320368158d1df0',19,13,1380008064,'wp-includes/Text/Diff/Engine/native.php',1,0,'203'),('f3788a745236ecd250017699bee5e84b',19,13,1380008064,'wp-includes/Text/Diff/Engine/native.php',1,0,'249'),('3f24d20464ae68c934a3b1dfafe65375',19,13,1380008064,'wp-includes/Text/Diff/Engine/native.php',1,0,'333'),('bf172e4415d7fe620ee3323f569fc2e4',19,13,1380008064,'wp-includes/Text/Diff/Engine/native.php',1,0,'354,411'),('0c268a96d7ef53fc0e0c5780001e1a33',19,13,1380008064,'wp-includes/Text/Diff/Engine/native.php',1,0,'386,427'),('dac69e6b1e52b6625b91e7f09daaafdb',19,13,1380008064,'wp-includes/Text/Diff/Engine/native.php',1,0,'390,431'),('60794671fcb8e259bde3192a3044e2f9',19,13,1380008064,'wp-includes/Text/Diff/Engine/shell.php',1,0,'50'),('ace68e8d46a1de64359adb5cea62c954',19,13,1380008064,'wp-includes/Text/Diff/Engine/shell.php',1,0,'86'),('ae5fba3aeaa4772779a5a89136fab5f6',19,13,1380008064,'wp-includes/Text/Diff.php',1,0,'310'),('49002c0dc2e4c7d2f2deac36a53ccc98',19,13,1380008064,'wp-includes/Text/Diff.php',1,0,'311'),('a192e2e69ead3ec092f7d225d575e55f',20,14,1380090449,'lib/Cake/Configure/IniReader.php',1,0,'111'),('7f4ef7c7eb859c73d84770031dbf3e17',20,14,1380090449,'lib/Cake/Console/Command/ConsoleShell.php',1,0,'337'),('73ef0d8f10d47f31a53540c031192b74',20,14,1380090449,'lib/Cake/Console/Command/ConsoleShell.php',1,0,'401'),('72496e73aa34920d4dde14933fffe5b1',20,14,1380090449,'lib/Cake/Console/Command/ConsoleShell.php',1,0,'422'),('996e515cd246ed2a1656ba94ea82d117',20,14,1380090449,'lib/Cake/Console/Command/ConsoleShell.php',1,0,'466'),('ca8e12a21657facfa533386e69c5db7b',20,14,1380090449,'lib/Cake/Console/Command/ServerShell.php',1,0,'138'),('40252ae2339c728c78005e71488638b4',20,14,1380090449,'lib/Cake/Console/Command/UpgradeShell.php',1,0,'166,593,623'),('b1aeb1e127f6b4bdb97e77459ce8d58b',20,14,1380090449,'lib/Cake/Console/Command/UpgradeShell.php',1,0,'167,594,624'),('fb3bf0032a9adba3cecda0cdbcc78002',20,14,1380090449,'lib/Cake/Console/Command/UpgradeShell.php',1,0,'712'),('28ee2a36df8c5e4fa051dd705abbb864',20,14,1380090449,'lib/Cake/Console/Command/UpgradeShell.php',1,0,'713'),('c155185311b1817b345e169df25f6589',20,14,1380090449,'lib/Cake/Console/Shell.php',1,0,'676'),('e2143ad8584edf639c1c75da81389ef1',20,14,1380090449,'lib/Cake/Console/Shell.php',1,0,'678'),('2cf93eebc21ebc0f302dcf5749955f50',20,14,1380090449,'lib/Cake/Controller/Component/RequestHandlerComponent.php',1,0,'217'),('7c51e93ab3476425e52eb6f067822d03',20,14,1380090449,'lib/Cake/Controller/Component/SecurityComponent.php',1,0,'617'),('60fe172fa79d144ee422ac091b49a4ac',20,14,1380090449,'lib/Cake/Controller/Controller.php',1,0,'870'),('e2aa3f32244824d2e97bcaad86afe2b1',20,14,1380090449,'lib/Cake/Controller/Controller.php',1,0,'880'),('8c78cd1c398292127da539630641c29e',20,14,1380090449,'lib/Cake/Core/App.php',1,0,'931'),('31f529fd050d2dc426de84a933ee3af3',20,14,1380090449,'lib/Cake/Core/CakePlugin.php',1,0,'161'),('6bc43b7c32d8fd8997acb10ccd722150',20,14,1380090449,'lib/Cake/Core/Object.php',1,0,'134'),('ad7a829a6ed1e34c5902ebc373923d47',20,14,1380090449,'lib/Cake/Error/ErrorHandler.php',1,0,'254'),('738c37793b9fb764220ea17f17b52e57',20,14,1380090449,'lib/Cake/Error/ErrorHandler.php',1,0,'256'),('9433101695fc4eeb8bc0c5e08316ae9e',20,14,1380090449,'lib/Cake/Error/ExceptionRenderer.php',1,0,'178'),('13c4d9074846f1b2bba940e453736d29',20,14,1380090449,'lib/Cake/Event/CakeEventManager.php',1,0,'246'),('e23f18b82b7558430de560e5621993c8',20,14,1380090449,'lib/Cake/Event/CakeEventManager.php',1,0,'248'),('6b835c5f134db9318771e488ddf855bc',20,14,1380090449,'lib/Cake/Model/Behavior/ContainableBehavior.php',1,0,'235'),('141b19c505e3d92c5b6847fea76a77ca',20,14,1380090449,'lib/Cake/Model/BehaviorCollection.php',1,0,'241'),('c3a36b1c83c06436ff2721f06f56803d',20,14,1380090449,'lib/Cake/Model/Datasource/CakeSession.php',1,0,'495'),('2c1600db3ff3514f1f53f6232ccff97a',20,14,1380090449,'lib/Cake/Model/Model.php',1,0,'1690'),('254beea05e6168c5d2ba6e41766fc685',20,14,1380090449,'lib/Cake/Model/Model.php',1,0,'3128'),('e2904395a47ee2137a805a7d1ee08479',20,14,1380090449,'lib/Cake/Model/Validator/CakeValidationRule.php',1,0,'277'),('b0c17ad56c04a9a97e84547e8879ace5',20,14,1380090449,'lib/Cake/Model/Validator/CakeValidationRule.php',1,0,'279'),('7f89377fd82e44aadb8c2306137c9e33',20,14,1380090449,'lib/Cake/Network/CakeRequest.php',1,0,'523'),('256cb1f988047a0827d1ea7818a23240',20,14,1380090449,'lib/Cake/Network/CakeRequest.php',1,0,'887'),('ee93713216519d3d9d4844540b18e6e2',20,14,1380090449,'lib/Cake/Network/Http/HttpSocket.php',1,0,'609'),('55d00a7b2bec452a2780976448be7da9',20,14,1380090449,'lib/Cake/Network/Http/HttpSocket.php',1,0,'638'),('fa80e56eadae0f7d35e99e73a649bef6',20,14,1380090449,'lib/Cake/Test/Case/Controller/Component/RequestHandlerComponentTest.php',1,0,'141'),('2fa48d0f94498b45be3af35652fa17ef',20,14,1380090449,'lib/Cake/Test/Case/Controller/Component/RequestHandlerComponentTest.php',1,0,'300'),('26907a1b9ce4192ead46bd554e6faefb',20,14,1380090449,'lib/Cake/Test/Case/View/Helper/RssHelperTest.php',1,0,'273'),('08a15075e163dcd16a852dd467fbac63',20,14,1380090449,'lib/Cake/TestSuite/ControllerTestCase.php',1,0,'190'),('16dc6530e66769216506f9500b93f9a0',20,14,1380090449,'lib/Cake/Utility/Debugger.php',1,0,'802'),('cc4767a42ed8ee18fbff9d8d7e19a75c',20,14,1380090449,'lib/Cake/Utility/Hash.php',1,0,'731'),('ac2deb36779fe16c33c3da7e4cb3f8fa',20,14,1380090449,'lib/Cake/Utility/ObjectCollection.php',1,0,'132'),('22930e9a67e8b53f2ce75f50e80691f0',20,14,1380090449,'lib/Cake/Utility/Set.php',1,0,'55'),('5b9bcde89116b3ce002a0e437cbab77d',20,14,1380090449,'lib/Cake/Utility/Set.php',1,0,'1022'),('037f7bd5fcae1467b38fe16389946ba0',20,14,1380090449,'lib/Cake/Utility/Validation.php',1,0,'790'),('4e326ea2b21551ea147d2eec1ae5b64a',20,14,1380090449,'lib/Cake/Utility/Validation.php',1,0,'825'),('bf738afc9808c8072d96f419cf720966',20,14,1380090449,'lib/Cake/View/Helper/FormHelper.php',1,0,'723'),('0e557c131018b519bf7839dde2d02477',20,14,1380090449,'lib/Cake/View/Helper/JsHelper.php',1,0,'141'),('df19e8c99d6b6d71f63d65a49f234c5d',20,14,1380090449,'lib/Cake/View/Helper/JsHelper.php',1,0,'152'),('7d08cd9b1d3a4da72a3f798f0967f733',20,14,1380090449,'lib/Cake/View/Helper/NumberHelper.php',1,0,'73,88,122'),('f30793dc8dc0ffa6188a50127d2ff30d',21,15,1380092517,'system/core/CodeIgniter.php',1,0,'359'),('6c058631af7924cd0becc8ec312b7697',21,15,1380092517,'system/core/Hooks.php',1,0,'236'),('3f1d8817aeb967ed21dc0b3c64dbcb03',21,15,1380092517,'system/core/Loader.php',1,0,'829'),('b2f570139bc3cc38f07237aabdcdf085',21,15,1380092517,'system/database/DB.php',1,0,'129'),('3a1b8e636869cf9a750e5d068be22ee6',21,15,1380092517,'system/database/DB.php',1,0,'136'),('c9b9f1702ccacb4931c873c977c5b4b6',21,15,1380092517,'system/database/DB_driver.php',1,0,'1020'),('433ae994fa1e043489836bd2bcc92e80',21,15,1380092517,'system/database/DB_driver.php',1,0,'1024'),('bf10cf646a40aab9bc836fcf68ac6177',21,15,1380092517,'system/libraries/Driver.php',1,0,'178'),('5c5f428047ec1a1f0314dc36970f2913',21,15,1380092517,'system/libraries/Email.php',1,0,'1574'),('206ad6b6239de54df77e10b4adde9692',21,15,1380092517,'system/libraries/Form_validation.php',1,0,'619'),('32f54046ad853a85eadf29c17448dc80',21,15,1380092517,'system/libraries/Image_lib.php',1,0,'514'),('7f67151e4f430367e349602afb425601',21,15,1380092517,'system/libraries/Image_lib.php',1,0,'522'),('d53668f3eee4bde7995532772d727167',21,15,1380092517,'system/libraries/Image_lib.php',1,0,'603,685'),('c7d87e686ab7e66475226444c10c5a70',21,15,1380092517,'system/libraries/Migration.php',1,0,'201'),('ad5dfa6afcffeab4f7934f9069bf3bf6',21,15,1380092517,'system/libraries/Table.php',1,0,'349'),('895e322959aae366508dd76eb8b81601',21,15,1380092517,'system/libraries/Unit_test.php',1,0,'96'),('2acadef78ca845478b93d3b4ab98a876',21,15,1380092517,'system/libraries/Upload.php',1,0,'315'),('7733daebb66b9134f3ace1b3f1ce9a50',21,15,1380092517,'system/libraries/Upload.php',1,0,'1075'),('3d4af68af101187d20a60b7342b62672',21,15,1380092517,'system/libraries/Upload.php',1,0,'1085'),('86aaba257062e495e97ecc1ad847b870',21,15,1380092517,'system/libraries/Upload.php',1,0,'1099'),('9a25d925c1fbfa46962aea9c08ca3c41',21,15,1380092517,'system/libraries/Xmlrpc.php',1,0,'594'),('b9b6906db6fd00d9d4a548216e1dca3d',21,15,1380092517,'system/libraries/Xmlrpcs.php',1,0,'363'),('0837203b51286185c0ddf587b44727c8',21,15,1380092517,'system/libraries/Xmlrpcs.php',1,0,'381'),('f28450dbfad8ae61f2932aef7cd60a0d',22,16,1380093115,'admin/includes/cls_phpzip.php',1,0,'169'),('12d06d3c9d582c11e937285d61468d7f',22,16,1380093115,'api/client/includes/lib_api.php',1,0,'9'),('5e103c16fee42cb87d9ade2136fd15e7',22,16,1380093115,'includes/cls_template.php',1,0,'710'),('aef40be0e01cd8e6830f6fc6b23b463d',22,16,1380093115,'includes/cls_template.php',1,0,'936'),('914b2bba3083608191135244f1136ecb',22,16,1380093115,'includes/cls_template.php',1,0,'1173'),('19a7f206d0df51e9ecb17a1da3c62a09',22,16,1380093115,'includes/cls_template.php',1,0,'1152'),('3a5277f817196acb0aafe220ffffe96b',22,16,1380093115,'includes/cls_transport.php',1,0,'333'),('3d4af68af101187d20a60b7342b62672',22,16,1380093115,'includes/fckeditor/editor/dialog/fck_spellerpages/spellerpages/server-scripts/spellchecker.php',1,0,'107'),('bc25c694642a468edec980e1a417c83c',22,16,1380093115,'includes/fckeditor/editor/filemanager/connectors/php/commands.php',1,0,'220'),('b9f6ec9db33afcdbd35c9315abf0f470',22,16,1380093115,'includes/fckeditor/editor/filemanager/connectors/php/commands.php',1,0,'350'),('069fa0c86a4cb268c77b60fd91076b20',22,16,1380093115,'includes/lib_base.php',1,0,'1124'),('01171ba9ca9edbb05504c652c7400913',22,16,1380093115,'includes/lib_clips.php',1,0,'808'),('6634c80c1cc598ecb533256ae553e244',22,16,1380093115,'includes/lib_common.php',1,0,'2160,2212'),('d61461c2de0cf1567d3b97e339a77dfa',22,16,1380093115,'includes/modules/payment/paypal_ec.php',1,0,'225'),('4e518a8f8af34ca0ee4de835a99334fc',22,16,1380093115,'install/cloud.php',1,0,'62,76,90,104,118'),('618d446cc5bd7d01d516ca3ff928fae9',23,17,1380093606,'adm/index.php',1,0,'352'),('03c93edea80ea576c5613a42334e0d64',23,17,1380093606,'includes/acp/acp_board.php',1,0,'531,670'),('9a7b20946c934889cca79bddeee60e4f',23,17,1380093606,'includes/acp/acp_board.php',1,0,'572,559'),('ee2c9a7f0413b85726860d06357d63a2',23,17,1380093606,'includes/acp/acp_database.php',1,0,'333'),('b36817e05e83001c531ad5567d366b7d',23,17,1380093606,'includes/acp/acp_database.php',1,0,'341,355'),('4d523424d1a384e2a0efa520c156df9b',23,17,1380093606,'includes/acp/acp_database.php',1,0,'379'),('b3219e9fcfbbbb5049d355a686f9cf27',23,17,1380093606,'includes/acp/acp_database.php',1,0,'394'),('93e72232104d009e4b8971f3b74e489d',23,17,1380093606,'includes/acp/acp_database.php',1,0,'403'),('61ca6d798d06dfa45b1030cc35efd5ef',23,17,1380093606,'includes/acp/acp_database.php',1,0,'410'),('f846bfb86bb2b41634f3ff3406b1dec8',23,17,1380093606,'includes/acp/acp_database.php',1,0,'578'),('b0ad18fb1408acc327acc9a151e84c41',23,17,1380093606,'includes/acp/acp_database.php',1,0,'559'),('609aa32100a77d48f40a5aaafd997204',23,17,1380093606,'includes/acp/acp_database.php',1,0,'598'),('ff4e6a25d8aed78624a39f39d2d27113',23,17,1380093606,'includes/acp/acp_database.php',1,0,'2411,2417,2440,2453'),('0fd0cfccea02ca7dac3523d3b7f4886d',23,17,1380093606,'includes/acp/acp_database.php',1,0,'2416,2450'),('f2734b95347780b8fb9742d2aee6f2ba',23,17,1380093606,'includes/acp/acp_database.php',1,0,'2419,2425'),('c80a8b88ea5f83d274365b8be685c5b8',23,17,1380093606,'includes/acp/acp_language.php',1,0,'115'),('ba302023da9d7af9d299156b6f9fd4be',23,17,1380093606,'includes/acp/auth.php',1,0,'185'),('9bae907270747889f8a2d5e498b458c2',23,17,1380093606,'includes/auth.php',1,0,'919'),('36b1c67c4693be5e91884f4a0c8d7838',23,17,1380093606,'includes/captcha/captcha_factory.php',1,0,'38'),('1016eb9b937da79a221d27b19e1c697b',23,17,1380093606,'includes/captcha/captcha_factory.php',1,0,'54'),('e7ccf76639dfe4822f6978449dbe1702',23,17,1380093606,'includes/captcha/captcha_factory.php',1,0,'83'),('68f0cf737f56614d2fedafb6d4e5f71d',23,17,1380093606,'includes/captcha/captcha_factory.php',1,0,'85,89'),('897e94982789ad90565a2e016eedf24a',23,17,1380093606,'includes/db/firebird.php',1,0,'242'),('83dbfe8de8b827299fa6bfc59959477b',23,17,1380093606,'includes/functions.php',1,0,'3691'),('ba22c4b7873f606bd15f387971555d81',23,17,1380093606,'includes/functions_compress.php',1,0,'528'),('68a61815bf69b01685e5b2daa67b9612',23,17,1380093606,'includes/functions_compress.php',1,0,'607'),('0d2bfacc162122a41dc38c8fcea2c83a',23,17,1380093606,'includes/functions_compress.php',1,0,'626'),('8411712d67bd05201ba286fc023efb33',23,17,1380093606,'includes/functions_compress.php',1,0,'674'),('330a3f16ee2194a21ccf5e8ab603eb28',23,17,1380093606,'includes/functions_compress.php',1,0,'629'),('3e47f487eb67829f9ee2521633306001',23,17,1380093606,'includes/functions_compress.php',1,0,'684'),('ac130a2586043f33e9073ac852c68dad',23,17,1380093606,'includes/functions_convert.php',1,0,'808'),('3039482839e049665f9699764ce9a540',23,17,1380093606,'includes/functions_convert.php',1,0,'812'),('6063d04a99dea4f8b811b4895071e45f',23,17,1380093606,'includes/functions_convert.php',1,0,'1288'),('00f444482a97624d9d2078401f98450c',23,17,1380093606,'includes/functions_module.php',1,0,'247'),('fd09eeb03bd7b43fef2e7b4d1a99775c',23,17,1380093606,'includes/functions_module.php',1,0,'249'),('2f455761099225f04a24251d15b2c20b',23,17,1380093606,'includes/functions_module.php',1,0,'258'),('011e09871a70cb0f04f96d0eec404fd1',23,17,1380093606,'includes/functions_module.php',1,0,'364'),('e15373895338ed76cf108f3a1b6a9ed3',23,17,1380093606,'includes/functions_posting.php',1,0,'669'),('4220ff8ae5b39f3c75cf7fba64c17b6b',23,17,1380093606,'includes/functions_privmsgs.php',1,0,'272'),('f8b00d8344b06d8373e27d1df77c4597',23,17,1380093606,'includes/functions_upload.php',1,0,'314,324'),('536509bbff553d388ac5ce1b2df3913d',23,17,1380093606,'includes/functions_user.php',1,0,'1251'),('280287174b3408a3274f36c99b5abc00',23,17,1380093606,'includes/hooks/index.php',1,0,'128'),('778b29c716373233d983bd29eae0d488',23,17,1380093606,'includes/hooks/index.php',1,0,'141'),('3c5a123e0190f580914fee9cba8b8f84',23,17,1380093606,'includes/session.php',1,0,'389'),('43b3b57a74b125b304d95a18d08f0f46',23,17,1380093606,'includes/session.php',1,0,'886'),('c2ce93186f51aecd7224fb8120110d48',23,17,1380093606,'includes/session.php',1,0,'1970,2005'),('aacce60359c681ce835927dda1cc2e57',23,17,1380093606,'includes/template.php',1,0,'230,668'),('018142dcae369c89cf4dbbf1aee8d0ca',23,17,1380093606,'includes/utf/utf_tools.php',1,0,'799'),('8d3d1a0c1ca5e2e731dc5ba13d46fce4',23,17,1380093606,'includes/utf/utf_tools.php',1,0,'831'),('9ccab2eadcbbece01629d069b20c5f86',23,17,1380093606,'install/index.php',1,0,'669'),('e0f4221f9e37b1d15a374f2ed4b8537a',23,17,1380093606,'install/index.php',1,0,'674'),('ff8c82897a981649d2656c2a2bedee03',23,17,1380093606,'install/install_convert.php',1,0,'1003'),('71f7a8896671b2cab62aa0a4cd37ab7d',23,17,1380093606,'install/install_convert.php',1,0,'1073'),('a6760b5a28310dfdc7dee2504ebec5e1',23,17,1380093606,'install/install_convert.php',1,0,'1138'),('ed7dbb3bf9cefdbbf21f38646088e63a',23,17,1380093606,'install/install_convert.php',1,0,'1648'),('f012be2d47df3cd55e373b5a72ced8b2',23,17,1380093606,'install/install_convert.php',1,0,'1654'),('be0648c0cb754d2b013c23f6a76f4c11',23,17,1380093606,'install/install_convert.php',1,0,'2016,2063'),('31b3d34d20cd5899de6a854874db0d9b',23,17,1380093606,'install/install_convert.php',1,0,'2005,2052'),('5e4aead5c6558f9112b41cf73961fa38',23,17,1380093606,'install/install_convert.php',1,0,'2022,2069'),('f6a6cf326288a79b4321761f5e8c5849',23,17,1380093606,'memberlist.php',1,0,'1320'),('f89725334f02db23b4a6a037122cfb06',24,18,1380093737,'Common/common.php',1,0,'129,145,263'),('1e798065b734d690e0e2e25248a26c7b',24,18,1380093737,'Common/common.php',1,0,'490'),('63b11ac47dc70d3ca1d64b5e0bcfc839',24,18,1380093737,'Common/functions.php',1,0,'451,139'),('2cd6176b731b1042c563ad43d6291452',24,18,1380093737,'Extend/Action/RestAction.class.php',1,0,'144,134'),('b63643aafb36ec05d2e5a3d7eececdee',24,18,1380093737,'Extend/Behavior/FireShowPageTraceBehavior.class.php',1,0,'143,227'),('e2dff355221e296c7ab600d8bf8c1f41',24,18,1380093737,'Extend/Behavior/FireShowPageTraceBehavior.class.php',1,0,'1000'),('73c5565e6344a01b3939d0a1296c9155',24,18,1380093737,'Extend/Behavior/FireShowPageTraceBehavior.class.php',1,0,'1015'),('d61461c2de0cf1567d3b97e339a77dfa',24,18,1380093737,'Extend/Behavior/UpgradeNoticeBehavior.class.php',1,0,'111'),('34f7d75b847073318f37aed05f629735',24,18,1380093737,'Extend/Driver/Cache/CacheSqlite.class.php',1,0,'43'),('b9e50e732a6e7b360a30478abf9c6cb2',24,18,1380093737,'Extend/Driver/Db/DbIbase.class.php',1,0,'52'),('d1151f585c65049f2c92c125eeefe511',24,18,1380093737,'Extend/Driver/Db/DbMssql.class.php',1,0,'51'),('9ae9d42f268ea6122f08ba3852fb1199',24,18,1380093737,'Extend/Driver/Db/DbOracle.class.php',1,0,'53'),('02b810994a3faa37d965550469b040a9',24,18,1380093737,'Extend/Driver/Db/DbPgsql.class.php',1,0,'48'),('07a0577661a13921ea8c4c5aeb0bdff4',24,18,1380093737,'Extend/Driver/Db/DbSqlite.class.php',1,0,'51'),('abda1d2ae1a2774d2f1aad3d05057f17',24,18,1380093737,'Extend/Library/ORG/Crypt/Hmac.class.php',1,0,'32'),('2dd0655d1d9991cd61312e4acd0d34ec',24,18,1380093737,'Extend/Library/ORG/Crypt/Hmac.class.php',1,0,'37'),('a17313563dd31b04668a19e327b8a23a',24,18,1380093737,'Extend/Library/ORG/Crypt/Hmac.class.php',1,0,'39'),('cdfaece69b6e1796b39a35f9aa18c925',24,18,1380093737,'Extend/Library/ORG/Crypt/Rsa.class.php',1,0,'134'),('36617fe0d6a2115ef66477fcf408ad72',24,18,1380093737,'Extend/Library/ORG/Crypt/Rsa.class.php',1,0,'142'),('806a3053635f6d4e1b916454e7756b52',24,18,1380093737,'Extend/Library/ORG/Net/Http.class.php',1,0,'34'),('0e56c8fd523311cd56b5bb3d68e3a0cb',24,18,1380093737,'Extend/Library/ORG/Net/UploadFile.class.php',1,0,'105'),('00258ce2d4c06636930e94707adf5add',24,18,1380093737,'Extend/Library/ORG/Net/UploadFile.class.php',1,0,'203,272'),('87b74973e45644cbbc41f7491796b3a0',24,18,1380093737,'Extend/Library/ORG/Net/UploadFile.class.php',1,0,'357'),('fa20b5034c90447885b64a816d1d1311',24,18,1380093737,'Extend/Library/ORG/Util/Auth.class.php',1,0,'161'),('acd57c543c3651fdca9b91198fe4d391',24,18,1380093737,'Extend/Library/ORG/Util/Image/Driver/ImageGd.class.php',1,0,'69'),('dc18d026b0b9f650fd42635f7cca82c1',24,18,1380093737,'Extend/Library/ORG/Util/Image/Driver/ImageGd.class.php',1,0,'100'),('188913808acb43466c43d1a1c5234ac7',24,18,1380093737,'Extend/Library/ORG/Util/Image/Driver/ImageGd.class.php',1,0,'312'),('6401774a8cab08ad162f0e8ee89cd686',24,18,1380093737,'Extend/Library/ORG/Util/Image.class.php',1,0,'71'),('b0a82af076d9b0adec797ae561e4840e',24,18,1380093737,'Extend/Library/ORG/Util/Image.class.php',1,0,'73'),('64b38007ccff3d204b9847376bdf1403',24,18,1380093737,'Extend/Library/ORG/Util/Image.class.php',1,0,'93,137'),('3736f787e06d28e3ec4e4183153821ca',24,18,1380093737,'Extend/Library/ORG/Util/Image.class.php',1,0,'131,553'),('55c8bb67bbc677df983f81268ca959f1',24,18,1380093737,'Extend/Library/ORG/Util/Image.class.php',1,0,'555'),('e91af5685ad857def9e6ddca757f509d',24,18,1380093737,'Extend/Library/ORG/Util/Image.class.php',1,0,'103'),('837394631fe9510f14b6732ab6e248e2',24,18,1380093737,'Extend/Library/ORG/Util/Image.class.php',1,0,'189,270,450'),('9a01cf3a0a8bbd84ae270969ee610499',24,18,1380093737,'Extend/Library/ORG/Util/Image.class.php',1,0,'113'),('24399778109802260e78adc6df6a78f2',24,18,1380093737,'Extend/Library/ORG/Util/Image.class.php',1,0,'222,296'),('a4438ee34f49b53f925577e44e53b04d',24,18,1380093737,'Extend/Library/ORG/Util/Input.class.php',1,0,'87'),('bf51492b80e852f023c3b35caa5c8ae2',24,18,1380093737,'Extend/Library/ORG/Util/Input.class.php',1,0,'93,103'),('92a7584041aced65da0e66387eb051ad',24,18,1380093737,'Extend/Mode/Cli/App.class.php',1,0,'57,73'),('9abb33eb08be3b99d13f68b772ca0944',24,18,1380093737,'Extend/Mode/Lite/Model.class.php',1,0,'626,915'),('ce98e4bf40bfa839ba2ea0e4f44f3b8b',24,18,1380093737,'Extend/Mode/Lite/Model.class.php',1,0,'628,917'),('083a5ce38712d89f9ce368893b805def',24,18,1380093737,'Extend/Mode/Lite/Model.class.php',1,0,'726,1034'),('5ba93cb760866fd5d1efc83f84b1ebd9',24,18,1380093737,'Extend/Mode/Lite/Model.class.php',1,0,'728,1036'),('182a48839676e3c28e56802316f02b71',24,18,1380093737,'Extend/Model/AdvModel.class.php',1,0,'52'),('d77b3755dfa53c3cb97056facbdcd431',24,18,1380093737,'Extend/Model/AdvModel.class.php',1,0,'282'),('0f10bffe8a82f43ea1ded1d128b61869',24,18,1380093737,'Extend/Model/AdvModel.class.php',1,0,'285'),('823211ecdf34b8709f08029144b2e542',24,18,1380093737,'Extend/Model/AdvModel.class.php',1,0,'316'),('56a0d4a3981bb361537c1a8f82d037fe',24,18,1380093737,'Extend/Model/AdvModel.class.php',1,0,'319'),('b322d53cb6cfad08454de8a4c1c854dd',24,18,1380093737,'Extend/Model/AdvModel.class.php',1,0,'650'),('2826aa5b14e01ba478d36ee4230c5014',24,18,1380093737,'Extend/Model/RelationModel.class.php',1,0,'41'),('ac294a2752a2f9960df5ae7a4ceb9e3e',24,18,1380093737,'Extend/Vendor/EaseTemplate/template.core.php',1,0,'248'),('b4172036a17ea1170c913f0c80bd4690',24,18,1380093737,'Extend/Vendor/EaseTemplate/template.core.php',1,0,'574'),('38472377c6a35959a31b94668c2ffd1b',24,18,1380093737,'Extend/Vendor/phpRPC/compat.php',1,0,'202'),('75452db74f926419d4309d91a3894b73',24,18,1380093737,'Extend/Vendor/phpRPC/compat.php',1,0,'206'),('9debb05e6c8349dd403f600a3095dc8f',24,18,1380093737,'Extend/Vendor/phpRPC/compat.php',1,0,'209'),('63d84484ce48670d197be49b91e543cb',24,18,1380093737,'Extend/Vendor/phpRPC/phprpc_client.php',1,0,'566'),('06d4971e407037ae90f70ec0ce29b6fa',24,18,1380093737,'Extend/Vendor/phpRPC/phprpc_server.php',1,0,'259'),('9d4eb2534e20ce64beca67c6a998ad21',24,18,1380093737,'Extend/Vendor/Smarty/plugins/function.math.php',1,0,'70'),('ed1a7120b6d49786750c7cb768ada175',24,18,1380093737,'Extend/Vendor/Smarty/plugins/shared.literal_compiler_param.php',1,0,'31'),('df9d7312fb3a8af3a525c426a57b2040',24,18,1380093737,'Extend/Vendor/Smarty/Smarty.class.php',1,0,'1385'),('4e518a8f8af34ca0ee4de835a99334fc',24,18,1380093737,'Extend/Vendor/Smarty/SmartyBC.class.php',1,0,'456'),('90cde2797ccf544cf7b125de45b7d9e6',24,18,1380093737,'Extend/Vendor/Smarty/sysplugins/smarty_cacheresource_custom.php',1,0,'134,101,227'),('64fa1f50501fe202b1507f98307ce611',24,18,1380093737,'Extend/Vendor/Smarty/sysplugins/smarty_internal_compile_extends.php',1,0,'60'),('e13a9eee1eb4c79470fa8639b9d92f11',24,18,1380093737,'Extend/Vendor/Smarty/sysplugins/smarty_internal_compile_function.php',1,0,'69'),('4483d52255388b44a86af2bbf8f9c721',24,18,1380093737,'Extend/Vendor/Smarty/sysplugins/smarty_internal_compile_include.php',1,0,'131'),('0253ba83499111360325672301f07df7',24,18,1380093737,'Extend/Vendor/Smarty/sysplugins/smarty_internal_compile_include_php.php',1,0,'61'),('e04d056a32f25179626061ec999def07',24,18,1380093737,'Extend/Vendor/Smarty/sysplugins/smarty_internal_compile_insert.php',1,0,'63'),('44d6bf9d8ff88444c1edfe397b76e891',24,18,1380093737,'Extend/Vendor/Smarty/sysplugins/smarty_internal_compile_insert.php',1,0,'75'),('aecca78868e64cd83c873e184834a155',24,18,1380093737,'Extend/Vendor/Smarty/sysplugins/smarty_internal_compile_private_modifier.php',1,0,'52'),('428bca26c9774b3515f05f1644d9442f',24,18,1380093737,'Extend/Vendor/Smarty/sysplugins/smarty_internal_compile_private_modifier.php',1,0,'58'),('e063eae1450795629f29e55dce119c61',24,18,1380093737,'Extend/Vendor/Smarty/sysplugins/smarty_internal_filter_handler.php',1,0,'43'),('0ad07846dcb8404cac297ee72049db78',24,18,1380093737,'Extend/Vendor/Smarty/sysplugins/smarty_internal_filter_handler.php',1,0,'46'),('063d6df4b3c843d759ebc17db018e4ca',24,18,1380093737,'Extend/Vendor/Smarty/sysplugins/smarty_internal_filter_handler.php',1,0,'58'),('b0cf1cbf91cfc510d20d070d0fd79573',24,18,1380093737,'Extend/Vendor/Smarty/sysplugins/smarty_internal_function_call_handler.php',1,0,'48'),('03c2dd161a60e7dc0c48ee4ed6b846ee',24,18,1380093737,'Extend/Vendor/Smarty/sysplugins/smarty_internal_function_call_handler.php',1,0,'50'),('431e6e9db42bdd27dee40e026c28cc5c',24,18,1380093737,'Extend/Vendor/Smarty/sysplugins/smarty_internal_resource_registered.php',1,0,'61'),('98c5511877873141f0c920141d15d149',24,18,1380093737,'Extend/Vendor/Smarty/sysplugins/smarty_internal_resource_registered.php',1,0,'75'),('40cf45c4347a2f734c55e2aaf9179383',24,18,1380093737,'Extend/Vendor/Smarty/sysplugins/smarty_internal_templatebase.php',1,0,'147'),('a9adf75791a77b88c843691b01b0ac35',24,18,1380093737,'Extend/Vendor/Smarty/sysplugins/smarty_internal_templatebase.php',1,0,'246'),('d5c5def8a07cfa33f5bf36baf21bbd01',24,18,1380093737,'Extend/Vendor/Smarty/sysplugins/smarty_internal_templatebase.php',1,0,'713'),('ee0ff82077d99d669af42a73bef9db84',24,18,1380093737,'Extend/Vendor/Smarty/sysplugins/smarty_internal_templatecompilerbase.php',1,0,'285,357'),('4c1ae18b1aa969aba3ca10fd1a638b4b',24,18,1380093737,'Extend/Vendor/Smarty/sysplugins/smarty_internal_templatecompilerbase.php',1,0,'289,361'),('aab338252822f3441e1ece2d75acbb39',24,18,1380093737,'Extend/Vendor/Smarty/sysplugins/smarty_internal_templatecompilerbase.php',1,0,'508'),('0b6d35856b67ae737a6738f2366e0f47',24,18,1380093737,'Extend/Vendor/Smarty/sysplugins/smarty_internal_templatecompilerbase.php',1,0,'313'),('f54252aef6d3f164f4bd022a1c693bdf',24,18,1380093737,'Extend/Vendor/Smarty/sysplugins/smarty_internal_templatecompilerbase.php',1,0,'391'),('6d27d51924bbb50b6c358c68e50137c3',24,18,1380093737,'Extend/Vendor/Smarty/sysplugins/smarty_resource.php',1,0,'288'),('281a7ca02bedc237ab950d4c82ee5840',24,18,1380093737,'Extend/Vendor/TemplateLite/class.compiler.php',1,0,'154'),('058a86aa956e0d4ced757b6a46d04777',24,18,1380093737,'Extend/Vendor/TemplateLite/class.compiler.php',1,0,'217'),('ddf5bf7a07df538f48f3d1f3085883a7',24,18,1380093737,'Extend/Vendor/TemplateLite/class.compiler.php',1,0,'496'),('9c4df7671167b5d31554bf491818b3d2',24,18,1380093737,'Extend/Vendor/TemplateLite/class.template.php',1,0,'499'),('bb06e2a1cc9de9ff2d42cf5aae539faa',24,18,1380093737,'Extend/Vendor/TemplateLite/class.template.php',1,0,'568,798,802'),('b6275628be0a180545cbbfb52c20b3dc',24,18,1380093737,'Extend/Vendor/TemplateLite/class.template.php',1,0,'710'),('25fefbbe3d269635eb3b0fe1aa9769ca',24,18,1380093737,'Extend/Vendor/TemplateLite/class.template.php',1,0,'762,774'),('327e46f2aa86e70eb5d1af194df34534',24,18,1380093737,'Extend/Vendor/TemplateLite/class.template.php',1,0,'766,778'),('c1322ed9e65b785e811dbd60eca6b03d',24,18,1380093737,'Extend/Vendor/TemplateLite/class.template.php',1,0,'574'),('de19bf1f36c6b4db307c59c81d052782',24,18,1380093737,'Extend/Vendor/TemplateLite/class.template.php',1,0,'745'),('b2a576b0b28cfd1f02c49e86e4ccb950',24,18,1380093737,'Extend/Vendor/TemplateLite/internal/template.config_loader.php',1,0,'64'),('e42025010a027b02c1ead9fa8715bf35',24,18,1380093737,'Extend/Vendor/Zend/Amf/Server.php',1,0,'246'),('6634c80c1cc598ecb533256ae553e244',24,18,1380093737,'Extend/Vendor/Zend/Amf/Server.php',1,0,'337'),('344c8f47b8564fbc56b3408996b7ca1a',24,18,1380093737,'Extend/Vendor/Zend/Amf/Server.php',1,0,'346'),('3e601f9d8e9a6b73fba77605b081b812',24,18,1380093737,'Extend/Vendor/Zend/Date.php',1,0,'1214'),('e26eccc3f063f7c79a59618fe983b5b1',24,18,1380093737,'Extend/Vendor/Zend/Date.php',1,0,'1216,1220'),('223fdfa3d051ec31db86c24e578cb5a0',24,18,1380093737,'Extend/Vendor/Zend/Date.php',1,0,'1224'),('a785df5335f5da39ebe653e2e07fc207',24,18,1380093737,'Extend/Vendor/Zend/Date.php',1,0,'1229'),('311746be634ccfc92f6223a8cd08b988',24,18,1380093737,'Extend/Vendor/Zend/Loader/Autoloader.php',1,0,'124'),('74bace1a02b74ca236bc52015b3e1ec1',24,18,1380093737,'Extend/Vendor/Zend/Loader/Autoloader.php',1,0,'130'),('5ab6efe65de85ee7d6a6084f6bb887d6',24,18,1380093737,'Extend/Vendor/Zend/Loader/Autoloader.php',1,0,'472,474'),('88d0ff62bbe41ee2d36094da70fb1f27',24,18,1380093737,'Extend/Vendor/Zend/Server/Abstract.php',1,0,'212'),('0b7f8a572fa94eabeacbfca2b6d51aed',24,18,1380093737,'Extend/Vendor/Zend/Server/Abstract.php',1,0,'219'),('9199be7fd043e4e5e443d0122d508dae',24,18,1380093737,'Extend/Vendor/Zend/Server/Abstract.php',1,0,'232'),('620758b3f2fe1b8ec6b8b20912f9209b',24,18,1380093737,'Extend/Vendor/Zend/Server/Reflection/Class.php',1,0,'105,368,82'),('2fcf9380ab394915780254c380aff2ec',24,18,1380093737,'Lib/Behavior/ReadHtmlCacheBehavior.class.php',1,0,'107'),('c8c9c1d4101a3a057937e183cb93eb8e',24,18,1380093737,'Lib/Behavior/TokenBuildBehavior.class.php',1,0,'55'),('8ec829382eabd4041909f446e8eb8f30',24,18,1380093737,'Lib/Core/Cache.class.php',1,0,'121'),('d5feb7ff6fe9f9ba23d3d4a061e8278f',24,18,1380093737,'Lib/Core/Dispatcher.class.php',1,0,'87'),('5f9ef152e874942dd22e9787d7bb5ad0',24,18,1380093737,'Lib/Core/Model.class.php',1,0,'632'),('706024872faacf512f0f2043f805dd11',24,18,1380093737,'Lib/Core/Think.class.php',1,0,'232'),('149fc4bfbf669d34926fecce674a1f6b',24,18,1380093737,'Lib/Core/View.class.php',1,0,'124'),('768ac8323b27eafa93f1b13d95016c58',25,19,1380094137,'base/CComponent.php',1,0,'261,699'),('cc9f4cada060cc4c5dee20453be05a69',25,19,1380094137,'base/CComponent.php',1,0,'265,703'),('df3c25ae483dc60838b240e7e1df9502',25,19,1380094137,'base/CComponent.php',1,0,'617,862'),('aaaf41dd04c0addfa219660b9035c7bd',25,19,1380094137,'base/CComponent.php',1,0,'551,559,567,822,830,838'),('6c23c75ebb02d27d4ef58de7bb286407',25,19,1380094137,'base/CComponent.php',1,0,'612,857'),('72e6330d3c2edc4d83f33225979ed988',25,19,1380094137,'base/CSecurityManager.php',1,0,'240'),('9a8b2b4dd2ee7fd6addca9f89e242eb1',25,19,1380094137,'base/CSecurityManager.php',1,0,'323'),('7ef7b51540be60ddee88c9c639dc7b70',25,19,1380094137,'base/CSecurityManager.php',1,0,'327'),('91a68f319594434ba1788501b6d60c3f',25,19,1380094137,'base/CSecurityManager.php',1,0,'327'),('68ad24bb0f1b063bb18d364790ddbfef',25,19,1380094137,'base/CSecurityManager.php',1,0,'428'),('358b610fd3b4fdb3c01796c8d525e8ce',25,19,1380094137,'caching/CCache.php',1,0,'110'),('f2d445696f74f5500e7f6fa1e310ddcb',25,19,1380094137,'caching/CCache.php',1,0,'150'),('48fc735c84da789d516a02d51276e3fc',25,19,1380094137,'caching/CCache.php',1,0,'183,207'),('69cd6156c53ad31b094ef585250eafac',25,19,1380094137,'cli/commands/MessageCommand.php',1,0,'144'),('6b6f6c072799c8717e95f81dd5b98b55',25,19,1380094137,'cli/commands/ShellCommand.php',1,0,'131'),('eb956bcfc7730056c90340e387d8c1c4',25,19,1380094137,'console/CConsoleCommand.php',1,0,'377'),('08cae03a12455f9f213759a2dc32666a',25,19,1380094137,'db/ar/CActiveRecord.php',1,0,'1398,7851'),('7c22e22404990fe674c3cfb4230d3d50',25,19,1380094137,'db/CDbCommand.php',1,0,'517,9321'),('b45205fe46d222018c9f90d6814fb0b4',25,19,1380094137,'db/CDbDataReader.php',1,0,'81'),('bea4845e896d169aa9f32a4ffcdb7e44',25,19,1380094137,'gii/components/Pear/Text/Diff/Engine/native.php',1,0,'98'),('fd8690bb2581b4ff1ae7771ffd4c944e',25,19,1380094137,'gii/components/Pear/Text/Diff/Engine/native.php',1,0,'99'),('01c9915eeb51754a8af2713a1f72bf70',25,19,1380094137,'gii/components/Pear/Text/Diff/Engine/native.php',1,0,'198,213'),('c583bceeb67fcdbaf9320368158d1df0',25,19,1380094137,'gii/components/Pear/Text/Diff/Engine/native.php',1,0,'205'),('f3788a745236ecd250017699bee5e84b',25,19,1380094137,'gii/components/Pear/Text/Diff/Engine/native.php',1,0,'251'),('3f24d20464ae68c934a3b1dfafe65375',25,19,1380094137,'gii/components/Pear/Text/Diff/Engine/native.php',1,0,'335'),('bf172e4415d7fe620ee3323f569fc2e4',25,19,1380094137,'gii/components/Pear/Text/Diff/Engine/native.php',1,0,'356,413'),('0c268a96d7ef53fc0e0c5780001e1a33',25,19,1380094137,'gii/components/Pear/Text/Diff/Engine/native.php',1,0,'388,429'),('dac69e6b1e52b6625b91e7f09daaafdb',25,19,1380094137,'gii/components/Pear/Text/Diff/Engine/native.php',1,0,'392,433'),('60794671fcb8e259bde3192a3044e2f9',25,19,1380094137,'gii/components/Pear/Text/Diff/Engine/shell.php',1,0,'52'),('ace68e8d46a1de64359adb5cea62c954',25,19,1380094137,'gii/components/Pear/Text/Diff/Engine/shell.php',1,0,'88'),('ae5fba3aeaa4772779a5a89136fab5f6',25,19,1380094137,'gii/components/Pear/Text/Diff/Mapped.php',1,0,'34,313'),('49002c0dc2e4c7d2f2deac36a53ccc98',25,19,1380094137,'gii/components/Pear/Text/Diff/Mapped.php',1,0,'35,314'),('42cd6ea6905cd67cda51371fba4ed375',25,19,1380094137,'gii/components/Pear/Text/Diff/ThreeWay.php',1,0,'96,96'),('82c5a80ab2c3a3726854c533287e4abe',25,19,1380094137,'gii/components/Pear/Text/Diff.php',1,0,'56'),('67a031a94b2060161a2559cbfc9e5e82',25,19,1380094137,'i18n/CChoiceFormat.php',1,0,'74'),('4f89cec667d2fbec0b68666c85cdc77c',25,19,1380094137,'logging/CLogFilter.php',1,0,'109'),('41b8e62b6564d8aabcde143a25e984b2',25,19,1380094137,'logging/CLogFilter.php',1,0,'115'),('3a7350cb8a84597242e963a17ec99190',25,19,1380094137,'logging/CLogger.php',1,0,'244,2158'),('01fa54f723fae83e3202c8dc0baed89d',25,19,1380094137,'logging/CLogger.php',1,0,'250,2164'),('8394714a43ed4b2f8090421e03f90b32',25,19,1380094137,'logging/CProfileLogRoute.php',1,0,'182'),('e22f4e20ecbbf33d9458fab73dc3a90f',25,19,1380094137,'utils/CFormatter.php',1,0,'111'),('5f33a9845e0a31c146c2e0d23edc8457',25,19,1380094137,'utils/CPropertyValue.php',1,0,'113'),('bc17c309254d43d27fc812437d29a079',25,19,1380094137,'validators/CFilterValidator.php',1,0,'47'),('9f9bf791278ff47d97f776dd73b0dcfa',25,19,1380094137,'vendors/htmlpurifier/HTMLPurifier.standalone.php',1,0,'2002'),('7e487188b034e8d05998142bd965cfa1',25,19,1380094137,'vendors/htmlpurifier/HTMLPurifier.standalone.php',1,0,'17617'),('45670a0b8b189370b93f3ae055aac639',25,19,1380094137,'vendors/htmlpurifier/standalone/HTMLPurifier/ConfigSchema/InterchangeBuilder.php',1,0,'24'),('b4233d8c891be90e979dd446dd93b77e',25,19,1380094137,'vendors/htmlpurifier/standalone/HTMLPurifier/ConfigSchema/InterchangeBuilder.php',1,0,'144'),('004bb5402af11c4ecd67f0bb313b2c99',25,19,1380094137,'vendors/markdown/markdown.php',1,0,'1445'),('0fecc37dcbe3ec1c7e730e6a0d9619a0',25,19,1380094137,'vendors/markdown/markdown.php',1,0,'1972'),('44687946c9d7470c911f96b9dd7164db',25,19,1380094137,'vendors/markdown/markdown.php',1,0,'1458'),('0a7dc7d5c58bdf1a0293fb22dfea71e5',25,19,1380094137,'vendors/TextHighlighter/Text/Highlighter/Generator.php',1,0,'222'),('e05ab338d4cea3f0ba8c1dfc7d4cf24d',25,19,1380094137,'web/auth/CAccessControlFilter.php',1,0,'143,6829'),('ebd6696f848ff7bb04750af9c94a0f58',25,19,1380094137,'web/auth/CAuthManager.php',1,0,'149,149'),('e8eb6d85cd9ab3055a18491b8bd3c654',25,19,1380094137,'web/CArrayDataProvider.php',1,0,'151'),('393f310f123888e3b1dfd1ab92692d0d',25,19,1380094137,'web/CController.php',1,0,'469,3663'),('a4438ee34f49b53f925577e44e53b04d',25,19,1380094137,'web/CController.php',1,0,'943,3855'),('c61a5afbbac62a23c18ed818deafed93',25,19,1380094137,'web/CHttpRequest.php',1,0,'968,2731'),('1f9616c7e8c17ee0660f2f14b0a9e998',25,19,1380094137,'web/CUploadedFile.php',1,0,'198'),('4c82dbb3d345df4d0716a1aa5a4daa82',25,19,1380094137,'web/helpers/CHtml.php',1,0,'2143,5601'),('c658fb7d697a389ea7f7657f1c7a4610',25,19,1380094137,'web/helpers/CHtml.php',1,0,'2179,5615'),('0f7c6a9a612c74d39e786ce5b6c64c5c',25,19,1380094137,'web/services/CWebService.php',1,0,'288'),('7502b3cd0b978307c14dc3a2bdbf36e6',25,19,1380094137,'web/widgets/COutputCache.php',1,0,'355'),('1dc7d07dd278a1c76e18b47b389c1cdc',25,19,1380094137,'web/widgets/COutputCache.php',1,0,'357'),('9a8d61336b0d70e18456d5612d47d579',25,19,1380094137,'YiiBase.php',1,0,'213,103'),('3f2c54cf24758d65e2951d3504354b82',25,19,1380094137,'zii/behaviors/CTimestampBehavior.php',1,0,'108'),('2d31783cbd227510bd0905c0fbbf09ed',25,19,1380094137,'zii/widgets/CDetailView.php',1,0,'212'),('961d9cb58611eb61e255b12cae17238b',26,20,1380094592,'Authentication/Adapter/DbTable/CallbackCheckAdapter.php',1,0,'99'),('e58ecd24afac6116dcc92f80128b3d6a',26,20,1380094592,'Barcode/Renderer/Image.php',1,0,'316'),('256cb1f988047a0827d1ea7818a23240',26,20,1380094592,'Cache/Pattern/CallbackCache.php',1,0,'69,61,136,139'),('3a69a19d41250af7b93ea34dff28cf95',26,20,1380094592,'Cache/Pattern/CallbackCache.php',1,0,'71,58,114'),('a7ed4396cebcee6a484d9e4cfeb9e09b',26,20,1380094592,'Cache/Pattern/ObjectCache.php',1,0,'141'),('eb93bbac03198cc6fa3756b5a6886f77',26,20,1380094592,'Cache/Storage/Adapter/Filesystem.php',1,0,'110'),('b9d279ee70a13dbe1187c45cd8e2d367',26,20,1380094592,'Cache/Storage/Adapter/Filesystem.php',1,0,'119'),('83932281e0b25c4156a7439eea62f4b9',26,20,1380094592,'Cache/Storage/Plugin/ExceptionHandler.php',1,0,'72'),('b8fd8750e064333c806a27bec7191959',26,20,1380094592,'Code/Generator/ClassGenerator.php',1,0,'430'),('24b88377aa3f38a41f75173be8996fbc',26,20,1380094592,'Code/Generator/ClassGenerator.php',1,0,'553'),('4de359c2bb86a17836e94e682865685e',26,20,1380094592,'Code/Scanner/AnnotationScanner.php',1,0,'171,211'),('c00fb01fa4e9819a996bef6b2dbb7318',26,20,1380094592,'Code/Scanner/AnnotationScanner.php',1,0,'174,214'),('8f292d3ed964039f05f11344d2410815',26,20,1380094592,'Code/Scanner/AnnotationScanner.php',1,0,'196,219,233,272,298,308,318,236,283,304'),('2d68ecdb87c2705a459a60a9e680f39e',26,20,1380094592,'Code/Scanner/AnnotationScanner.php',1,0,'197,204,216,230,242,259,271,281,297,324,668,750,764,800,885,910,927,237,244,256,267,282,292,302,312,422,510,518,376,406,426,455,492,526,540,597,611'),('d2c7770f04d45eba90fd3561699dd2fb',26,20,1380094592,'Code/Scanner/AnnotationScanner.php',1,0,'202'),('0ffbea68a41348e3538db35496015775',26,20,1380094592,'Code/Scanner/AnnotationScanner.php',1,0,'228'),('72b8466ba7adc00ce0ea27cf06b2f022',26,20,1380094592,'Code/Scanner/AnnotationScanner.php',1,0,'240'),('ff6e907d8287aaf7ab32538c0a180846',26,20,1380094592,'Code/Scanner/AnnotationScanner.php',1,0,'250'),('285b79c6b69ab6219ef234343151b98b',26,20,1380094592,'Code/Scanner/AnnotationScanner.php',1,0,'256'),('c6db343fe444baf78233a279a68764f8',26,20,1380094592,'Code/Scanner/AnnotationScanner.php',1,0,'269'),('7e2dade0a6dfe34f3aaf6789b8c12177',26,20,1380094592,'Code/Scanner/AnnotationScanner.php',1,0,'279'),('0cd8bd0193e6ddbc7dee33113a4948b1',26,20,1380094592,'Code/Scanner/AnnotationScanner.php',1,0,'291,322'),('2a9523492269c2ed8ee850b4e64f9faf',26,20,1380094592,'Code/Scanner/AnnotationScanner.php',1,0,'293'),('6989cca1c8f5ed4a07edf28cb45157ce',26,20,1380094592,'Code/Scanner/AnnotationScanner.php',1,0,'305'),('fd3d5673ce5277553c4534eed9293020',26,20,1380094592,'Code/Scanner/AnnotationScanner.php',1,0,'203,241,258,280,243,255,266,291'),('f2605d2fe1d009418a9719c492177ccb',26,20,1380094592,'Code/Scanner/AnnotationScanner.php',1,0,'207,243,260,283,247,258,268,293'),('fe7716e6adcdc55cca9dd0857d96d443',26,20,1380094592,'Code/Scanner/AnnotationScanner.php',1,0,'213'),('cb8517e21fad91d963d0402f0dd2bd43',26,20,1380094592,'Code/Scanner/AnnotationScanner.php',1,0,'240,249,290'),('0591b45e344175a9b1420ba833d053ef',26,20,1380094592,'Code/Scanner/AnnotationScanner.php',1,0,'249'),('8d2e7dee2939b5d72fb9a4cb6ce4ed2f',26,20,1380094592,'Code/Scanner/AnnotationScanner.php',1,0,'278,290'),('3181fa1976319f631ea1e6984a537c6e',26,20,1380094592,'Code/Scanner/AnnotationScanner.php',1,0,'218,229,270,296,307,317,281,301'),('5bdde64a8a45cfa2c6e4ff9f994c2667',26,20,1380094592,'Code/Scanner/AnnotationScanner.php',1,0,'323,311'),('22d3c9a33ed1d82f097a715888eb836f',26,20,1380094592,'Code/Scanner/AnnotationScanner.php',1,0,'325,313'),('a80cf30f890a92bb2ab9461376b6c728',26,20,1380094592,'Code/Scanner/ClassScanner.php',1,0,'807,893,495,502,435,499,547,604'),('732a501a882759e18f066190d961e9c7',26,20,1380094592,'Code/Scanner/DocBlockScanner.php',1,0,'242'),('f4fa2764914ce4048af630be546dd373',26,20,1380094592,'Code/Scanner/DocBlockScanner.php',1,0,'254'),('2389a515b3856dcb57e91e9c9cc747b3',26,20,1380094592,'Code/Scanner/DocBlockScanner.php',1,0,'265'),('21c4b5d54186ef0f73d14ae108b1c56c',26,20,1380094592,'Code/Scanner/DocBlockScanner.php',1,0,'276,310'),('0de7fa4c7974e73a1ec5ada8eef93faa',26,20,1380094592,'Code/Scanner/DocBlockScanner.php',1,0,'278'),('a532738cbab7e129691b79a81f9245a5',26,20,1380094592,'Code/Scanner/DocBlockScanner.php',1,0,'290'),('21530737ce00b683c57194501f6b9f54',26,20,1380094592,'Code/Scanner/DocBlockScanner.php',1,0,'300'),('73e14bf9534ac4b30fac9a39a069fdc8',26,20,1380094592,'Code/Scanner/MethodScanner.php',1,0,'471,485'),('e8705b863279ed0667df07fc6e7d1c90',26,20,1380094592,'Code/Scanner/TokenArrayScanner.php',1,0,'385'),('37f8a68924a6cf06f947c323e79348d4',26,20,1380094592,'Code/Scanner/TokenArrayScanner.php',1,0,'391'),('4d4d07a84c45e7eb77a4c1c26e26654c',26,20,1380094592,'Code/Scanner/TokenArrayScanner.php',1,0,'398,442,517,558'),('9f9bf791278ff47d97f776dd73b0dcfa',26,20,1380094592,'Config/Reader/Ini.php',1,0,'82'),('ba8e70f411151cf370986b4339933852',26,20,1380094592,'Config/Reader/Yaml.php',1,0,'100'),('ac18a70b23d3f39e6f929b625ba8b947',26,20,1380094592,'Config/Reader/Yaml.php',1,0,'127'),('9ccbd64a9a5be357feca4a1bea7a3c33',26,20,1380094592,'Config/Writer/Yaml.php',1,0,'78'),('93b71b11ff6d71a275c36109602c4a82',26,20,1380094592,'Console/Adapter/Posix.php',1,0,'135'),('bbd7ae3d1c0a55a087354c1ce6aa75cb',26,20,1380094592,'Console/Adapter/Posix.php',1,0,'161'),('2170b8e49e70a68887b402db45952c09',26,20,1380094592,'Console/Adapter/Posix.php',1,0,'176,92,120,96'),('458ba7fdf14fa58564bd42d15adc9901',26,20,1380094592,'Console/Adapter/Posix.php',1,0,'354'),('a99a49dd8481a4ca16208fe4e9e94821',26,20,1380094592,'Console/Adapter/Posix.php',1,0,'369'),('927399ecd86c82e142cdd0d18c2f677b',26,20,1380094592,'Console/Adapter/Virtual.php',1,0,'127,155,131'),('1e469fadcb5bc1f756c28f3d19d30118',26,20,1380094592,'Console/Adapter/Virtual.php',1,0,'174,202'),('8404aa4b6c2cbe45fe6d1b0c0dc2be01',26,20,1380094592,'Console/Adapter/Windows.php',1,0,'101'),('98a8e6c69733d2ebbe802457690120a0',26,20,1380094592,'Console/Adapter/Windows.php',1,0,'211'),('4df6c608bef60b97d3c75aadd2b3c4e5',26,20,1380094592,'Console/Adapter/Windows.php',1,0,'244,205'),('f42027476b50888d40a70f5dc52ee0a0',26,20,1380094592,'Console/Adapter/Windows.php',1,0,'262,223'),('8e8bda5815b45be1cee6e0a711a412c5',26,20,1380094592,'Console/Adapter/Windows.php',1,0,'300,260'),('d6cc9b739a1705e99c7943eadd03f178',26,20,1380094592,'Console/Console.php',1,0,'202'),('c875dd3a212b2f88f8570fd3abfcf325',26,20,1380094592,'Db/Adapter/Driver/IbmDb2/Connection.php',1,0,'166'),('c2082088980312724dda488501004700',26,20,1380094592,'Db/Adapter/Driver/IbmDb2/Connection.php',1,0,'167'),('79d9d74d373b1988c7b14ee232af7b1e',26,20,1380094592,'Db/Adapter/Driver/IbmDb2/Connection.php',1,0,'168'),('e740f8c8977de6845ce067d0facdf2be',26,20,1380094592,'Db/Adapter/Driver/Mysqli/Connection.php',1,0,'180,172'),('df61e4dbb92d83c0ba1019f03fff26cb',26,20,1380094592,'Db/Adapter/Driver/Mysqli/Connection.php',1,0,'181,173'),('d83bfb327f6993efdd178943be529512',26,20,1380094592,'Db/Adapter/Driver/Mysqli/Connection.php',1,0,'182,174'),('c8199d2c0164213140a598ee13d6a5a7',26,20,1380094592,'Db/Adapter/Driver/Mysqli/Connection.php',1,0,'183,175'),('725f8207b1fc5937daaf32b3391ee4be',26,20,1380094592,'Db/Adapter/Driver/Mysqli/Result.php',1,0,'204'),('020ee06b101ea37ced3de07accea6059',26,20,1380094592,'Db/Adapter/Driver/Mysqli/Statement.php',1,0,'313'),('4d984bf6b50ae91b77709adc8029e573',26,20,1380094592,'Db/Adapter/Driver/Oci8/Connection.php',1,0,'183'),('4a24a4191129cbc27be91b554bc02839',26,20,1380094592,'Db/Adapter/Driver/Oci8/Connection.php',1,0,'184'),('c17fbbb624315502565668b2087300ed',26,20,1380094592,'Db/Adapter/Driver/Oci8/Connection.php',1,0,'185'),('ad15d3d03f5f31da34300173eb33c0cf',26,20,1380094592,'Db/Adapter/Driver/Oci8/Connection.php',1,0,'186'),('4c3cbc1dafc3399d8689c2e81cb9c895',26,20,1380094592,'Db/Adapter/Driver/Oci8/Connection.php',1,0,'189'),('748debcb4b60c319a576186a4d526673',26,20,1380094592,'Db/Adapter/Driver/Oci8/Connection.php',1,0,'190'),('e626fa81ccc6bf727fd57a5a9e1b12c1',26,20,1380094592,'Db/Adapter/Driver/Pdo/Result.php',1,0,'183'),('3b5aa532e2abceca4e269687ee18c95b',26,20,1380094592,'Db/RowGateway/Feature/FeatureSet.php',1,0,'83,77'),('6b016f528d3f9cdf16cbb88a7f761bd1',26,20,1380094592,'Db/Sql/Delete.php',1,0,'107,285,129'),('4ae29dcbcf46fb79aa922c6a8b204f33',26,20,1380094592,'Db/Sql/Select.php',1,0,'359'),('6cdce035b38571211c5095da82823de5',26,20,1380094592,'Db/TableGateway/AbstractTableGateway.php',1,0,'190'),('c365e2ab75f4c2dad4d90424c6e2139d',26,20,1380094592,'Db/TableGateway/AbstractTableGateway.php',1,0,'372'),('945aa7db58ab08572a67836fc157d824',26,20,1380094592,'Di/Di.php',1,0,'509'),('b37a34833f9682a6217c58430a1f50d3',26,20,1380094592,'Di/Di.php',1,0,'532'),('ae4643c50f73a156a7e208f158ee985b',26,20,1380094592,'Di/Di.php',1,0,'701'),('2db4097403ce37446eeab0fb7a8125bf',26,20,1380094592,'Di/ServiceLocator.php',1,0,'88'),('2041e65c5ad2b5e95bdd87ede843123b',26,20,1380094592,'EventManager/EventManager.php',1,0,'468'),('66fbbd36bdb169aa1f62c0a6d5bfbff2',26,20,1380094592,'EventManager/EventManager.php',1,0,'478'),('cc9b7658d5dba2218eff8ae74ecae2a8',26,20,1380094592,'EventManager/Filter/FilterIterator.php',1,0,'96'),('98568ee2280e833f91cc43b5c9a4aadd',26,20,1380094592,'EventManager/FilterChain.php',1,0,'56'),('2ddc2a725e21a1578810ac692a8e4fa8',26,20,1380094592,'Feed/Reader/AbstractEntry.php',1,0,'198,251,202,255,820,703'),('47a85dfc1dfd03282ef0eceaabd21d31',26,20,1380094592,'Feed/Reader/ExtensionManager.php',1,0,'56,56'),('aede7dd5a562f388fce2f622241a1a7c',26,20,1380094592,'File/Transfer/Adapter/Http.php',1,0,'170'),('a81451e88d3bab994ffc72edfd5b352d',26,20,1380094592,'File/Transfer/Adapter/Http.php',1,0,'337'),('4d1789dd15b3b00226be35ad2b4ffada',26,20,1380094592,'File/Transfer/Adapter/Http.php',1,0,'342'),('c9ee75f629b172c6d8d4fd522a8d3da0',26,20,1380094592,'File/Transfer/Transfer.php',1,0,'103'),('9dfacedc80cfe2ee41bddc55fce4bef2',26,20,1380094592,'Filter/Callback.php',1,0,'100'),('bef56dcf77904b4242a5f2fdcdce3230',26,20,1380094592,'Filter/Compress/Rar.php',1,0,'169'),('4986ba3277a046b8b921d218e2bc8908',26,20,1380094592,'Filter/Compress.php',1,0,'191'),('2ebeff0f527f916c494d06e2cb37baac',26,20,1380094592,'Filter/Encrypt/BlockCipher.php',1,0,'247,366'),('bab195525beeb5737c890fa6630f515b',26,20,1380094592,'Filter/Encrypt/BlockCipher.php',1,0,'273,454'),('8075ad8afae8eb2f4a7f1d07d216436c',26,20,1380094592,'Filter/Encrypt.php',1,0,'107'),('d073e66791ed16191b6817cd9381a2d3',26,20,1380094592,'Filter/File/RenameUpload.php',1,0,'207'),('112309599f3f8990df5c4ec70fe376f8',26,20,1380094592,'Filter/FilterChain.php',1,0,'224'),('480d200d11ebca6a04f8728ac5d2bdc2',26,20,1380094592,'Filter/Inflector.php',1,0,'427'),('7583e08c952e9207423493fff339cc3c',26,20,1380094592,'Form/View/Helper/AbstractHelper.php',1,0,'228'),('3aa48684e0564110582c87308657fbda',26,20,1380094592,'Form/View/Helper/AbstractHelper.php',1,0,'228'),('b86692fbd9382e892df0f3e737935387',26,20,1380094592,'Form/View/Helper/FormButton.php',1,0,'97'),('47cf862a09c6de3e0c36d16f014f605e',26,20,1380094592,'Form/View/Helper/FormCaptcha.php',1,0,'64,54,59,64,69,74,79,84,91,96,101,106,111,116,121,126,131,136,141,146,151,156,161,166,171,176,181,186,191,196,201,206,211,215'),('d766cd2bfc406e40388661231655fd5d',26,20,1380094592,'Form/View/Helper/FormCollection.php',1,0,'95'),('eb7e85270c7591ba4ffc85a0574d933c',26,20,1380094592,'Form/View/Helper/FormCollection.php',1,0,'97,148'),('0f1a3f72fe9a4bf5f0d87def31e3bf46',26,20,1380094592,'Form/View/Helper/FormCollection.php',1,0,'118,225,163'),('b17dd4ba12e95d189d129374bbfc6d9d',26,20,1380094592,'Form/View/Helper/FormCollection.php',1,0,'153'),('ee692eaaf44507296a1f6fd0343c6851',26,20,1380094592,'Form/View/Helper/FormElementErrors.php',1,0,'86,127'),('0b86380828df20d2d4c157c222fa09b5',26,20,1380094592,'Form/View/Helper/FormRow.php',1,0,'182'),('ea645a35dac93aa5c643ca5cbf41d6f3',26,20,1380094592,'Form/View/Helper/FormSelect.php',1,0,'208'),('3e1420f5e38d7648f47d1aa30d8556f2',26,20,1380094592,'Form/View/Helper/FormTextarea.php',1,0,'79'),('6e2383564be9d459d5032815992e6ee8',26,20,1380094592,'Http/Client/Adapter/Curl.php',1,0,'410'),('5aa92cbfe71da831cd59ff18f1de69c9',26,20,1380094592,'Http/Header/SetCookie.php',1,0,'149'),('358c9db778bb141c7540a8195332f2a6',26,20,1380094592,'Http/Header/SetCookie.php',1,0,'153'),('0daefe6d8095017805818d4fdac60ebf',26,20,1380094592,'I18n/Translator/Plural/Symbol.php',1,0,'142'),('2956b83d470a638064888816babe0956',26,20,1380094592,'I18n/Translator/Plural/Symbol.php',1,0,'162'),('93b717a1d4bf85a470f455ffccaf8c4a',26,20,1380094592,'Json/Server/Smd/Service.php',1,0,'275'),('4c81a0e59b543655283be38b9ee9b9a3',26,20,1380094592,'Ldap/Collection/DefaultIterator.php',1,0,'233'),('2595ce0ae3b33ca65ab66f4e8584dbd0',26,20,1380094592,'Mail/Transport/File.php',1,0,'66'),('4b90d03704ea4f5fa473599073929477',26,20,1380094592,'Mail/Transport/Sendmail.php',1,0,'139'),('c56d8fc2fc9990a0a8252a67c4903682',26,20,1380094592,'Math/BigInteger/BigInteger.php',1,0,'119'),('019e6ac5609bf4a27b9fa27cd629fd0b',26,20,1380094592,'Mvc/Controller/AbstractController.php',1,0,'302'),('a2f664076fb268b75fb5f4ac84e62d7b',26,20,1380094592,'Mvc/Controller/AbstractRestfulController.php',1,0,'345'),('fe8bb77dbe01b941208a29813c013c37',26,20,1380094592,'Mvc/Controller/Plugin/FilePostRedirectGet.php',1,0,'225'),('7bd2a976b806b2ad0d8c74f126f6d656',26,20,1380094592,'Mvc/Service/RouterFactory.php',1,0,'62'),('5f8e6e243f0f1fdfc14f462af68a1049',26,20,1380094592,'Mvc/View/Console/ExceptionStrategy.php',1,0,'186'),('f96228d0353d8c16e41a306e53e25f19',26,20,1380094592,'Permissions/Rbac/Rbac.php',1,0,'140'),('67cbdf75d77c225bc74ba5c05310f3ae',26,20,1380094592,'ProgressBar/Adapter/Console.php',1,0,'227'),('bdb0f4812e82714d9997ec0039ed3ac4',26,20,1380094592,'ProgressBar/Adapter/Console.php',1,0,'229'),('5fb56ad77516ce6072d2956e4fcfa3e3',26,20,1380094592,'Serializer/Adapter/PhpCode.php',1,0,'43'),('88d0ff62bbe41ee2d36094da70fb1f27',26,20,1380094592,'Server/AbstractServer.php',1,0,'134'),('0b7f8a572fa94eabeacbfca2b6d51aed',26,20,1380094592,'Server/AbstractServer.php',1,0,'141'),('9199be7fd043e4e5e443d0122d508dae',26,20,1380094592,'Server/AbstractServer.php',1,0,'154'),('a300ec63e01037c1bb29bc2babe738a6',26,20,1380094592,'Server/Reflection/AbstractFunction.php',1,0,'312,86,67'),('09280ab3edae1ddfa5fc2c7a088b969a',26,20,1380094592,'ServiceManager/ServiceManager.php',1,0,'620'),('9af3410d5e198106d93da3430814712d',26,20,1380094592,'ServiceManager/ServiceManager.php',1,0,'852'),('b1aa5a7906b5dffe6fffb254b37520f7',26,20,1380094592,'Soap/Client/Common.php',1,0,'54'),('a593f8d054eea3404f66ab83ccb03087',26,20,1380094592,'Soap/Client/Common.php',1,0,'57'),('4b0969460754f6ce7a79548cff5adae2',26,20,1380094592,'Soap/Client.php',1,0,'992'),('0f0320afae1da16dede497425d769aa2',26,20,1380094592,'Soap/Client.php',1,0,'994'),('8563f8f6b51e5591f95e2066b4d6fab7',26,20,1380094592,'Soap/Client.php',1,0,'1135'),('4dbabfaf9c4a95b014ad1f52fa04dfc9',26,20,1380094592,'Soap/Server/DocumentLiteralWrapper.php',1,0,'105'),('62dce6cc8bd719fe06b8988ca08594b7',26,20,1380094592,'Soap/Server.php',1,0,'821'),('006ae6facd6c154be31c22bcad4d3664',26,20,1380094592,'Stdlib/CallbackHandler.php',1,0,'112'),('b516d205436e6b2ef0576835b046cc70',26,20,1380094592,'Stdlib/CallbackHandler.php',1,0,'117'),('75e8bf4bda9187149ff6be521378bbd0',26,20,1380094592,'Stdlib/CallbackHandler.php',1,0,'124'),('0fdc427f0aa1e15c222fc5c1652351be',26,20,1380094592,'Stdlib/CallbackHandler.php',1,0,'132'),('bb3fe114cac77ecef95d9de00a734054',26,20,1380094592,'Stdlib/CallbackHandler.php',1,0,'119'),('69257f05942e6a4d3ef6617df0a2134b',26,20,1380094592,'Stdlib/CallbackHandler.php',1,0,'126'),('5339447cfbba96ba2fe273799aad017f',26,20,1380094592,'Stdlib/CallbackHandler.php',1,0,'134'),('062e00035b9f0fd62c9b35003392f7db',26,20,1380094592,'Stdlib/Hydrator/Filter/FilterComposite.php',1,0,'169,185'),('38465ebbf00bb54e8e88453bfbfc86d6',26,20,1380094592,'Stdlib/Hydrator/Strategy/ClosureStrategy.php',1,0,'85,98'),('0a0b1edd26fa57c08c1bb1ac47112b07',26,20,1380094592,'View/Helper/AbstractHtmlElement.php',1,0,'72'),('565b30fed211ad33685ddf1d4a016785',26,20,1380094592,'View/Helper/AbstractHtmlElement.php',1,0,'89'),('a8388ad0ee40c25d71df60e28d1d95ec',26,20,1380094592,'View/Helper/FlashMessenger.php',1,0,'92'),('849906435c3b1c48ee24b8a76692cb76',26,20,1380094592,'View/Helper/HeadLink.php',1,0,'71'),('a293d84e6e7112d6db91cd484b3a94fb',26,20,1380094592,'View/Helper/HtmlFlash.php',1,0,'33,49,54'),('31296ba6e36adc3e05cd1f1301fdb648',26,20,1380094592,'View/Helper/HtmlList.php',1,0,'34'),('f4457697668148b67ee4564e28a1264a',26,20,1380094592,'View/Helper/HtmlList.php',1,0,'41,43'),('cc8870273dc8d30f5cdf0393c7544d27',26,20,1380094592,'View/Helper/Navigation/AbstractHelper.php',1,0,'148'),('39515c3a2f37d8158663325461d4be31',26,20,1380094592,'View/Helper/Navigation/AbstractHelper.php',1,0,'420,512'),('ebb6f6e0f4a6e80601e52efbecffa1b1',26,20,1380094592,'View/Helper/Navigation/Breadcrumbs.php',1,0,'115'),('bfb2e0d013bce144534296900d243e1f',26,20,1380094592,'View/Helper/Navigation/Breadcrumbs.php',1,0,'207,407'),('79d873907ad02d6d22d3b2efb44fe644',26,20,1380094592,'View/Helper/Navigation/Breadcrumbs.php',1,0,'211,411'),('74e99ce482a06298a8f8403f39e68396',26,20,1380094592,'View/Helper/Navigation/Sitemap.php',1,0,'285'),('8a3e5ab9bf70ab87637d7cf6e35f1170',26,20,1380094592,'View/Helper/Navigation/Sitemap.php',1,0,'310'),('d6779a115dffd815af7b9be01790c7df',26,20,1380094592,'View/Helper/Navigation/Sitemap.php',1,0,'372'),('350e6d0971df9a78613caf5de0019cb9',26,20,1380094592,'View/Helper/Navigation.php',1,0,'117'),('8a1817cd97101021ec8f2c5e4f373362',26,20,1380094592,'View/Helper/PaginationControl.php',1,0,'82'),('5e54eedda6c0f5894a4cc3ced63cc8c2',26,20,1380094592,'View/Helper/PaginationControl.php',1,0,'89'),('75d6afc1e63088efdd9a3710fa43a67e',26,20,1380094592,'View/Helper/Placeholder/Container/AbstractStandalone.php',1,0,'75'),('3be6e55aa24ca338c8730b5210007927',26,20,1380094592,'View/Helper/Placeholder/Container/AbstractStandalone.php',1,0,'174'),('4caa1b36fdc9400a2decd6e859ed7f58',26,20,1380094592,'View/Helper/RenderToPlaceholder.php',1,0,'31,33'),('f68db835962daebb206fd43ebc69eba8',26,20,1380094592,'View/Renderer/PhpRenderer.php',1,0,'400'),('97ff4c6e254da1669e2f1b4c569355ed',26,20,1380094592,'View/Variables.php',1,0,'147'),('9c3873ea5037ac4b6d845cd238d25ff6',26,20,1380094592,'XmlRpc/Server.php',1,0,'153'),('d86136dfeb504d5ad74a7af9d623ad2e',27,4,1380095015,'lnc.php',2,0,'67'),('75fe43e598d036447c233ad784207451',27,4,1380095015,'lnc.php',2,0,'219'),('f28450dbfad8ae61f2932aef7cd60a0d',27,4,1380095015,'lnc.php',2,0,'1291'),('916613806e69b184623bfa38ec1c6441',27,4,1380095015,'lnc.php',2,0,'661,707'),('fe911edabe5fe7a8ffa9d215315a75ec',27,4,1380095015,'lnc.php',2,0,'663'),('02ec6c64aae481c87bc3ed1e59ff7766',27,4,1380095015,'lnc.php',2,0,'665'),('6c4be8093801fff170d43f33c7a803b9',27,4,1380095015,'lnc.php',2,0,'668'),('0e05b0df350cbdb8a7b322e810517a2f',27,4,1380095015,'lnc.php',2,0,'671'),('3da08881157f213547a71d14b10a176d',27,4,1380095015,'lnc.php',2,0,'687'),('f28450dbfad8ae61f2932aef7cd60a0d',28,21,1380191366,'wx.php',2,0,'85'),('5df05590dd722be2b2136d4c498dc260',28,21,1380191366,'wx.php',2,0,'182'),('9e0a3475bab701aa63bacfd04cad2a97',28,21,1380191366,'wx.php',2,0,'998'),('3d4af68af101187d20a60b7342b62672',28,21,1380191366,'wx.php',2,0,'999'),('4fad85480720d481b3c4ea5dfa0d66c7',28,21,1380191366,'wx.php',2,0,'1000'),('c4ed76df56c013e5110759501043f91c',28,21,1380191366,'wx.php',2,0,'1001'),('7bea82d9c33f0400850dd844404cd509',28,21,1380191366,'wx.php',2,0,'1002'),('53dfa7e1aa640b7054e128365b7a5c31',29,22,1380261719,'accept_language.php',2,0,'1'),('05c2df4214e9fb874d8b70d67c21d4d0',29,22,1380261719,'Ajax_PHP Command Shell.php',2,0,'94'),('4d4c44181eff815ac88525ff17891a9f',29,22,1380261719,'Ajax_PHP Command Shell.php',2,0,'342'),('c4ed76df56c013e5110759501043f91c',29,22,1380261719,'Ajax_PHP Command Shell.php',2,0,'367,120,26,517,417'),('5afa215771447f144ce4f388f13dbc2a',29,22,1380261719,'Ajax_PHP Command Shell.php',2,0,'373'),('4fad85480720d481b3c4ea5dfa0d66c7',29,22,1380261719,'Ajax_PHP Command Shell.php',2,0,'383,119,25,516,416'),('3d4af68af101187d20a60b7342b62672',29,22,1380261719,'Ajax_PHP Command Shell.php',2,0,'389,118'),('fb3d38693d9c1becf94d4fc877cbc2e2',29,22,1380261719,'AK-74 Security Team Web Shell.php',2,0,'396'),('106646762ea13dc28b425edf867492f5',29,22,1380261719,'AK-74 Security Team Web Shell.php',2,0,'423'),('9bdd951053ae56a388d6258d54603193',29,22,1380261719,'AK-74 Security Team Web Shell.php',2,0,'539'),('7bea82d9c33f0400850dd844404cd509',29,22,1380261719,'Antichat Shell v1.3.php',2,0,'60,181,121,27,518,418'),('c0b66acc9d05feff3528e6589b4d6d9f',29,22,1380261719,'Antichat Shell v1.5.php',2,0,'322,246'),('b30ea10285d80891cc8d39b83fc9ec6d',29,22,1380261719,'Antichat Shell v1.5.php',2,0,'363,226'),('d5c3ca366589cb347dbd4cf0c7a2dcf7',29,22,1380261719,'Antichat Shell.php',2,0,'117'),('863bf27a36f328bc834175f3d85be202',29,22,1380261719,'Backdoor php v0.1 by Charlichaplin.php',2,0,'74'),('096dbc8282641e310b17d3fd362d6e06',29,22,1380261719,'c99_w4cking.php',2,0,'6'),('c5764df8359c99feead575f1c8474181',29,22,1380261719,'c99_w4cking.php',2,0,'173,266'),('b28898d2af1536ea57e732daa2c52e02',29,22,1380261719,'c99_w4cking.php',2,0,'23,514,414'),('7391f2a94e90e40110adb9e97bf1a531',29,22,1380261719,'c99_w4cking.php',2,0,'58,66'),('43aa6ff58ddee412ec861a8434c7f3b7',29,22,1380261719,'c99_w4cking.php',2,0,'152,245'),('a4eb1b160e16887b20a1c1d64d38e662',29,22,1380261719,'c99_w4cking.php',2,0,'2702'),('75d4b20fb206cf3e98a1a02d3c309f3f',29,22,1380261719,'c99_w4cking.php',2,0,'162,255'),('79cdd1a1d291baa66fa0f66ef7aeb722',29,22,1380261719,'c99_w4cking.php',2,0,'169,262'),('e08ef96b33bdc2428ee5be1e95fd8bac',29,22,1380261719,'c99_w4cking.php',2,0,'2679'),('0fc347c98c4105b2d19619336bc964ab',29,22,1380261719,'c99_w4cking.php',2,0,'157,250'),('bceafa4fac4c2b36f4399447e496b70e',29,22,1380261719,'c99_w4cking.php',2,0,'1632,1670,1570'),('59677cb0165c04134def716b726dbc2f',29,22,1380261719,'c99_w4cking.php',2,0,'1788,1822,1722'),('f45b2aa2d6bdf7326380baf86738b328',29,22,1380261719,'c99_w4cking.php',2,0,'2309,2327,2495,2513,2384,2402'),('604b95edfef411404d75c652866af9d5',29,22,1380261719,'c99_w4cking.php',2,0,'2464,2650,2539'),('6fb266751ed82c0032090657623179c0',29,22,1380261719,'phpshell-C102Shell 2007.php',2,0,'648,548'),('0b52092e8f10c5a4f2712120b044580b',2,2,1380279509,'dede/album_edit.php',1,0,'208'),('246faaa11bc808e2b430c934dd01d927',2,2,1380279509,'dede/api_ucenter.php',1,0,'336'),('a5fd89e178849e72f73a9283692372de',2,2,1380279509,'dede/api_ucenter.php',1,0,'348'),('4995bb5862718bd405664b1d476cd08d',2,2,1380279509,'dede/content_list.php',1,0,'159'),('7833389efba3fa641fcaaebde60a2ae7',2,2,1380279509,'dede/file_manage_control.php',1,0,'127'),('5819431a24495e50b855f95423cb18ba',2,2,1380279509,'dede/friendlink_add.php',1,0,'34'),('4740c8b6d8053327184a6156abcef5aa',2,2,1380279509,'dede/inc/inc_archives_functions.php',1,0,'467'),('3bb9c88389bd327a76daa787ac27d170',2,2,1380279509,'dede/inc/inc_archives_functions.php',1,0,'853,476'),('67a528a3fc08cb2101a029df5807dcc3',2,2,1380279509,'dede/index_testenv.php',1,0,'43,63'),('261e5bdc5b46b5643c59c1c3a6073481',2,2,1380279509,'dede/mail_send.php',1,0,'74'),('55caba6ec8e36bacba74474ec5c07188',2,2,1380279509,'dede/mail_title.php',1,0,'44,72'),('443da1182fffcf820a5ad0eee69fcac5',2,2,1380279509,'dede/makeremote_all.php',1,0,'103'),('7e5d3af755d1a0f7cde1c7abaad783dd',2,2,1380279509,'dede/makeremote_all.php',1,0,'235'),('ae06880459ae5a220cd7924a62de2084',2,2,1380279509,'dede/media_add.php',1,0,'72,80'),('3d4fb60aec22a7fdfae95a170502b928',2,2,1380279509,'dede/media_edit.php',1,0,'170'),('f1819f069b8c032d7f482cb03716799b',2,2,1380279509,'dede/module_main.php',1,0,'667'),('54456036368b922d014267aa596b743a',2,2,1380279509,'dede/module_make.php',1,0,'69'),('a0b9ce35441e62100065673123d56cba',2,2,1380279509,'dede/module_make.php',1,0,'82,196'),('ac423474229a0448c3edc5916127bee3',2,2,1380279509,'dede/module_make.php',1,0,'88,205'),('9b37c4257970cdb6170ac91455c5d977',2,2,1380279509,'dede/module_upload.php',1,0,'29'),('26d02aa0390f97796ac436c6fb14418a',2,2,1380279509,'dede/plus_bshare.php',1,0,'279'),('ca67b5583db83b796143e1c4aef86635',2,2,1380279509,'dede/plus_bshare.php',1,0,'354'),('e091ffb1360c6c6014b9a41dfd1ae2c1',2,2,1380279509,'dede/swfupload.php',1,0,'41'),('4c8c51b26211b1add1c89dc1da228397',2,2,1380279509,'dede/sys_data_done.php',1,0,'106'),('e0c5cff6ca33ae9276baff8c8fb00f40',2,2,1380279509,'dede/sys_info_mark.php',1,0,'52'),('0bf8d0900153b33d2779a87322b8b9db',2,2,1380279509,'dede/tpl.php',1,0,'184'),('9bf8e992f8f25f133e8a5627ba67c03c',2,2,1380279509,'dede/vote_add.php',1,0,'46,79,58'),('27330e9fabd3ffbfa85f871ada4aedd7',2,2,1380279509,'include/arc.archives.class.php',1,0,'1211'),('346e5cf991e38d737555682f7a04a3c9',2,2,1380279509,'include/arc.caicai.class.php',1,0,'212'),('c6963e5bb1ba7ae846166525c882664e',2,2,1380279509,'include/channelunit.class.php',1,0,'148'),('87877082b67cb7c43e2ec45a1a254702',2,2,1380279509,'include/dedecollection.class.php',1,0,'1175'),('2b48636d5a621cf697d55a13a59d3362',2,2,1380279509,'include/dedetag.class.php',1,0,'420'),('500791e8f190fb0e0fbf5cf82f938b7e',2,2,1380279509,'include/dedetag.class.php',1,0,'675,116,38'),('c21f8de078397ea1eee1377f056e9b33',2,2,1380279509,'include/dedetag.class.php',1,0,'966'),('547bde5f4083c4e1c11637c14663181b',2,2,1380279509,'include/dedetemplate.class.php',1,0,'49'),('a677c48c13e666813740d236f43c08e5',2,2,1380279509,'include/dedetemplate.class.php',1,0,'1175'),('371264c77aa4c7d374a8067452597dc4',2,2,1380279509,'include/dialog/select_images_post.php',1,0,'63'),('3d51eed7d8babd90f9eaa50876d483c0',2,2,1380279509,'include/dialog/select_soft_post.php',1,0,'74,48'),('0404b55d61677a3e2fa2906cca561016',2,2,1380279509,'include/diyform.cls.php',1,0,'89,121,123'),('3f98f245db4fcc3be01eacfbd988ff23',2,2,1380279509,'include/diyform.cls.php',1,0,'93,145,157'),('aa45c9aca70d8fc7228b6b9c4655ccd3',2,2,1380279509,'include/helpers/channelunit.helper.php',1,0,'558'),('627c713f22627f61ed06799b683c7083',2,2,1380279509,'include/helpers/file.helper.php',1,0,'206'),('24775447335369ccac244780b889fbb0',2,2,1380279509,'include/helpers/file.helper.php',1,0,'210'),('cf577c8abf591ed5f4395cb70b9f5d00',2,2,1380279509,'include/helpers/filter.helper.php',1,0,'99'),('30521be05e46363cc8a847e9a9e22042',2,2,1380279509,'include/helpers/string.helper.php',1,0,'294'),('32abe4793b988d5cfc39a1f9e5924847',2,2,1380279509,'include/helpers/string.helper.php',1,0,'300'),('23838ef5c766691df2d15a395ab849b5',2,2,1380279509,'include/helpers/upload.helper.php',1,0,'94'),('06e4e4d3e4678861387b93064471a372',2,2,1380279509,'include/helpers/upload.helper.php',1,0,'190'),('74106aa06e35682f6c2e4b47d4c1cd57',2,2,1380279509,'include/image.class.php',1,0,'128'),('507881780821c791fa7aade174405d52',2,2,1380279509,'include/image.class.php',1,0,'146'),('2c9236cec8fad0840a34457d53d7517e',2,2,1380279509,'include/image.class.php',1,0,'150'),('3ce1f50b3049772d7daa1f8cfd0e5de5',2,2,1380279509,'include/image.class.php',1,0,'264'),('73c53062dab46022b6b265d03fa1773e',2,2,1380279509,'include/image.class.php',1,0,'268'),('fdf3e27061c3381bc06ab192da60e322',2,2,1380279509,'include/image.class.php',1,0,'235'),('a11ceba824c981c7889e56b673083a66',2,2,1380279509,'include/Lurd.class.php',1,0,'860'),('d9bcb709ab44810eab7c65c5f55edf34',2,2,1380279509,'include/Lurd.class.php',1,0,'1110'),('a9a0265c719d6121a0ec912086fc6419',2,2,1380279509,'include/mail.class.php',1,0,'306'),('206167970ba5daf7285a0e4dd3593080',2,2,1380279509,'include/request.class.php',1,0,'160'),('ea06e177c33e383e9287c09e497536a1',2,2,1380279509,'include/sphinxclient.class.php',1,0,'120,169'),('809a526dd1e3172cdfbbc8ac5f80bbf2',2,2,1380279509,'include/sphinxclient.class.php',1,0,'174'),('9abbf4fa5b2a61d71f1a59102ad3e8f4',2,2,1380279509,'include/sphinxclient.class.php',1,0,'492'),('98456f1ba32762e8cc97f422e27bc491',2,2,1380279509,'include/sphinxclient.class.php',1,0,'504'),('69b0242ee934b164503dd8bf109f6723',2,2,1380279509,'include/sphinxclient.class.php',1,0,'514'),('13dace450f6b8ae2ecdba81ffc7ae7ac',2,2,1380279509,'include/sphinxclient.class.php',1,0,'696'),('c153cce923ce5f7a8b5fcdd69bb1bd5f',2,2,1380279509,'include/sphinxclient.class.php',1,0,'697'),('6b37684fc25bf1d5551f71ffdbceb2f5',2,2,1380279509,'include/sphinxclient.class.php',1,0,'698'),('b6daa3eaba40d7bfb586e54fbc911ac8',2,2,1380279509,'include/sphinxclient.class.php',1,0,'699'),('a359aec214cc9da152474bb8ad441eaa',2,2,1380279509,'include/sphinxclient.class.php',1,0,'700,714'),('76dc1e562a1becec1b2f2053301e5c75',2,2,1380279509,'include/sphinxclient.class.php',1,0,'713'),('aafb0667619508e93efd32f3ff193d2e',2,2,1380279509,'include/sphinxclient.class.php',1,0,'721'),('9f992e7c85e791f0a0440e4c35d0030b',2,2,1380279509,'include/sphinxclient.class.php',1,0,'734'),('22b0d9dc5f5debf3be42993daff6b7d6',2,2,1380279509,'include/sphinxclient.class.php',1,0,'745'),('5f8e50cab57cddef91ccd734da9b44bf',2,2,1380279509,'include/sphinxclient.class.php',1,0,'752'),('0b422d917f1e6fbf1f88f0163ca1684f',2,2,1380279509,'include/sphinxclient.class.php',1,0,'753'),('b5b375903404abb22cb47f927ddfd2b2',2,2,1380279509,'include/sphinxclient.class.php',1,0,'763,773,785'),('e735092bf6eb4937cab80c2ec39bba5d',2,2,1380279509,'include/sphinxclient.class.php',1,0,'765,777,789'),('e3a0071233c32a05890accff1269e57d',2,2,1380279509,'include/sphinxclient.class.php',1,0,'776'),('084e72626b796cdce955a57f0cc3a21f',2,2,1380279509,'include/sphinxclient.class.php',1,0,'788,1288,1393,1484'),('037d2d6ad12ae55f352a3775accfb20b',2,2,1380279509,'include/sphinxclient.class.php',1,0,'798,827'),('4ab71131895e2609e553701999bdcd2e',2,2,1380279509,'include/sphinxclient.class.php',1,0,'799,828'),('3f86991c7abe06f90d77cd548dd7789c',2,2,1380279509,'include/sphinxclient.class.php',1,0,'800,829,841'),('65399c580b63e7a855b172add8886412',2,2,1380279509,'include/sphinxclient.class.php',1,0,'809,826,838,862,879'),('0001dab68ddba77cdc33fb037107fd60',2,2,1380279509,'include/sphinxclient.class.php',1,0,'810,907,1491'),('24c0281edbd139628feae748d5b9c320',2,2,1380279509,'include/sphinxclient.class.php',1,0,'811'),('e6eb9efb859c585cdb2f993939697b38',2,2,1380279509,'include/sphinxclient.class.php',1,0,'816'),('db2e6330972fc4d8670557e889eb8ff9',2,2,1380279509,'include/sphinxclient.class.php',1,0,'839'),('2ab85850dadaffde07b7e0da34f66329',2,2,1380279509,'include/sphinxclient.class.php',1,0,'840'),('af40b36281312f2b24f9aca4eaf0205d',2,2,1380279509,'include/sphinxclient.class.php',1,0,'851'),('b933d2c7db25b6ea2c99bdea151911c5',2,2,1380279509,'include/sphinxclient.class.php',1,0,'852'),('9242e1b8f4d35e124af2408ed3bbc4ac',2,2,1380279509,'include/sphinxclient.class.php',1,0,'853'),('538f75acd34e36252532148f4c7192ea',2,2,1380279509,'include/sphinxclient.class.php',1,0,'854'),('7a322370efd49010102e6ae53f1b64a7',2,2,1380279509,'include/sphinxclient.class.php',1,0,'863'),('12894814b847b706831003f013c54f72',2,2,1380279509,'include/sphinxclient.class.php',1,0,'864'),('efb62e7f9848624e1241acbdad79d1e7',2,2,1380279509,'include/sphinxclient.class.php',1,0,'886'),('95f4b46c2d753d970ba1bc50d1b56dae',2,2,1380279509,'include/sphinxclient.class.php',1,0,'887'),('8dee46b8d4ac30a4a5ca49281868312c',2,2,1380279509,'include/sphinxclient.class.php',1,0,'896'),('88f19e57f7de7ecd67903b140322767e',2,2,1380279509,'include/sphinxclient.class.php',1,0,'905'),('5e0435d853237bc80c91e3b890a16765',2,2,1380279509,'include/sphinxclient.class.php',1,0,'906'),('2c5910d41ef9ca339d5b5de8a107ee7e',2,2,1380279509,'include/sphinxclient.class.php',1,0,'915'),('c6030ee8084212c35c8684be6b2464e1',2,2,1380279509,'include/sphinxclient.class.php',1,0,'949'),('c7168bafccb865b734c976dc187bfe9f',2,2,1380279509,'include/sphinxclient.class.php',1,0,'1015'),('73668d7ae3ea0a9c4c58a0a90367c5ed',2,2,1380279509,'include/sphinxclient.class.php',1,0,'1064,1494'),('02973b192b995bcdf9d6e9593ef0f2ab',2,2,1380279509,'include/sphinxclient.class.php',1,0,'1065'),('1a16bef18c4e69126888ae4672b2d004',2,2,1380279509,'include/sphinxclient.class.php',1,0,'1287'),('db03686a770c02b755502712611b5822',2,2,1380279509,'include/sphinxclient.class.php',1,0,'1289'),('e5e69e1bd66be143d2160120cbed91df',2,2,1380279509,'include/sphinxclient.class.php',1,0,'1290'),('4d110f6ab0a3ec0d4feca7358b46256c',2,2,1380279509,'include/sphinxclient.class.php',1,0,'1339'),('47d17eccf3e8a852abf56756de3627ce',2,2,1380279509,'include/sphinxclient.class.php',1,0,'1392'),('f7cafe8743321f4e4d306d5be9b650da',2,2,1380279509,'include/sphinxclient.class.php',1,0,'1394'),('b0bb083e0f2411e1f146d28eec2e3404',2,2,1380279509,'include/sphinxclient.class.php',1,0,'1485'),('3335b43e817dd6b3492ea3bb4eb104cc',2,2,1380279509,'include/sphinxclient.class.php',1,0,'1487'),('e35175411946ce198ff2c39d8b146da3',2,2,1380279509,'include/sphinxclient.class.php',1,0,'1489'),('eb050fefce337f781630caaf22fcd06f',2,2,1380279509,'include/sphinxclient.class.php',1,0,'1495'),('128d9d58746542c40b809c1aa1cf188c',2,2,1380279509,'include/sphinxclient.class.php',1,0,'1496'),('8dca9eb98adf475fb1feb3b73e765d10',2,2,1380279509,'include/sphinxclient.class.php',1,0,'1501'),('30334dd9be8fa42290fb58cefe298239',2,2,1380279509,'include/sphinxclient.class.php',1,0,'1503'),('b56177402745b56fec90a3e29e2654b1',2,2,1380279509,'include/sphinxclient.class.php',1,0,'1505'),('f28450dbfad8ae61f2932aef7cd60a0d',2,2,1380279509,'include/zip.class.php',1,0,'234'),('89a4a2307f6059c97b8ffc41cb2ba9fb',2,2,1380279509,'plus/mytag_js.php',1,0,'51');

/*Table structure for table `version` */

DROP TABLE IF EXISTS `version`;

CREATE TABLE `version` (
  `vid` int(10) unsigned NOT NULL AUTO_INCREMENT,
  `pid` int(10) unsigned NOT NULL COMMENT '项目ID',
  `version_name` varchar(50) DEFAULT NULL COMMENT '版本名字',
  `add_time` int(11) DEFAULT NULL COMMENT '添加时间',
  `is_del` tinyint(4) NOT NULL DEFAULT '0' COMMENT '是否已删除',
  PRIMARY KEY (`vid`)
) ENGINE=InnoDB AUTO_INCREMENT=30 DEFAULT CHARSET=utf8;

/*Data for the table `version` */

insert  into `version`(`vid`,`pid`,`version_name`,`add_time`,`is_del`) values (1,1,'Discuz_7.2_FULL_SC_UTF8',1379301310,0),(2,2,'DedeCMS-V5.7-UTF8-SP1-Full',1379301310,0),(3,3,'none',1379301310,0),(4,4,'phpspy 2013',1379301310,0),(5,4,'phpspy 2013 加密版',1379301310,0),(6,4,'phpspy 2011',1379301310,0),(7,1,'Discuz_X3.0_SC_UTF8',1379993703,0),(8,1,'Discuz_X3.1_SC_UTF8',1379993703,0),(9,5,'espcms_utf8_5.7.13.09.10_b',1379993703,0),(10,7,'HDWiki-v5.1UTF8-20121102',1379993703,0),(11,6,'Joomla_2.5.14-Stable-Full_Package',1379993703,0),(12,6,'Joomla_3.1.5-Stable-Full_Package',1379993703,0),(13,8,'KingCMS_6.1.1641(Sp2)',1379993703,0),(14,9,'phpcms_v9.4.2_UTF8',1379993703,0),(15,10,'phpMyAdmin-4.0.7-all-languages',1379993703,0),(16,11,'phpwind_UTF8_8.7',1379993703,0),(17,11,'phpwind_v9.0_utf8',1379993703,0),(18,12,'WeCenter_2-2-1',1379993703,0),(19,13,'wordpress-3.6.1',1379993703,0),(20,14,'cakephp-2.4.1',1380089183,0),(21,15,'CodeIgniter_2.1.4',1380089183,0),(22,16,'ECShop_V2.7.3_UTF8_release1106',1380089183,0),(23,17,'phpBB-3.0.11',1380089183,0),(24,18,'ThinkPHP3.1.3_full',1380089183,0),(25,19,'yii-1.1.14.f0fee9',1380089183,0),(26,20,'ZendFramework-2.2.4',1380089183,0),(27,4,'phpspy变种(mumaasp.com发布)',1380089183,0),(28,21,'Spider PHP Shell',1380191305,0),(29,22,'其他流行phpshell，shell名见文件名',1380261252,0);

/*!40101 SET SQL_MODE=@OLD_SQL_MODE */;
/*!40014 SET FOREIGN_KEY_CHECKS=@OLD_FOREIGN_KEY_CHECKS */;
/*!40014 SET UNIQUE_CHECKS=@OLD_UNIQUE_CHECKS */;
/*!40111 SET SQL_NOTES=@OLD_SQL_NOTES */;
